Area;Perimeter;MajorAxisLength;MinorAxisLength;Compactness;Class
4,0486;7,27273;2,44537238;2,110640645;0,92845849;SEKER
2,6614;5,98639;2,204256253;1,54085455;0,835118403;DERMASON
5,6334;9,89798;3,727248213;1,935389833;0,718541802;HOROZ
3,1534;6,55093;2,414660024;1,665977529;0,829828982;DERMASON
3,4014;6,81258;2,529275604;1,714126012;0,822787638;DERMASON
3,598;7,1063;2,599490691;1,768295109;0,823374423;DERMASON
6,3944;9,91765;3,922073851;2,08165323;0,727510377;HOROZ
2,732;6,15902;2,327768483;1,499210126;0,801227087;DERMASON
3,3583;6,57754;2,217110512;1,929504091;0,93266883;SEKER
4,5226;8,27481;3,382253275;1,707677124;0,709484681;HOROZ
2,5032;5,85495;2,192763506;1,457923911;0,814162396;DERMASON
2,4545;5,84164;2,219685464;1,411223374;0,796425468;DERMASON
3,5608;6,89304;2,40389455;1,888797386;0,885754642;SEKER
3,2802;7,12924;2,436567001;1,742200369;0,83873905;DERMASON
7,0304;10,58424;4,375059023;2,053414761;0,683850487;HOROZ
3,2218;6,53595;2,227560714;1,844046839;0,90923218;SEKER
3,0502;6,41008;2,287848135;1,699916744;0,861374527;DERMASON
6,7237;10,16057;4,099005074;2,101520901;0,713806942;HOROZ
5,2968;9,2479;3,87708889;1,747193865;0,669816881;HOROZ
3,0439;6,5008;2,547344625;1,523698789;0,772827462;DERMASON
3,7894;7,19216;2,675446754;1,809072851;0,821001541;DERMASON
3,4623;6,75213;2,281943707;1,935033005;0,920094597;SEKER
3,2314;6,63884;2,474085741;1,66732697;0,819852402;DERMASON
4,3928;7,62262;2,62151106;2,138427879;0,902140293;SEKER
2,7701;6,08531;2,162770942;1,633215209;0,868344898;DERMASON
3,7781;7,38792;2,832345962;1,702064106;0,774364587;HOROZ
4,5005;8,37605;3,417588229;1,703703374;0,700431561;HOROZ
3,9746;7,39528;2,810465799;1,807617178;0,800430205;DERMASON
5,2213;9,00059;3,682535374;1,81332872;0,700160257;HOROZ
3,6299;6,93838;2,437414222;1,898014847;0,882009065;SEKER
3,8042;7,23178;2,439204105;1,988758364;0,902274301;SEKER
5,9663;9,73132;3,945178831;1,940444291;0,69861983;HOROZ
3,6609;6,88123;2,243725593;2,079820031;0,962230792;SEKER
2,7409;6,41327;2,327359075;1,504572906;0,802672273;DERMASON
3,3171;6,54338;2,22253649;1,903614532;0,924667176;SEKER
5,3316;9,35056;3,788140396;1,797800154;0,687793033;HOROZ
6,1505;9,82866;3,957615143;2,033704923;0,707093283;HOROZ
3,033;6,45992;2,430060961;1,592067557;0,808675147;DERMASON
5,5668;9,20338;3,721519948;1,915956406;0,715381191;HOROZ
5,1258;9,04151;3,79080737;1,729812576;0,673913523;HOROZ
3,894;7,15812;2,415768501;2,05474267;0,921717257;SEKER
3,6919;7,06713;2,488840072;1,890083083;0,871130126;SEKER
4,1376;7,33668;2,607469508;2,023572387;0,880258186;SEKER
2,6688;5,99831;2,160724393;1,576687008;0,853127024;DERMASON
2,8487;6,28227;2,16449322;1,684747024;0,87987745;DERMASON
5,7778;9,37572;3,800172916;1,954643071;0,713728359;HOROZ
2,8654;6,36062;2,367389484;1,545394214;0,806822449;DERMASON
3,5217;7,15405;2,755889968;1,631102827;0,768368167;DERMASON
3,5384;7,01617;2,687483673;1,680076422;0,789791923;DERMASON
2,9815;6,31602;2,288520263;1,663361332;0,851368748;DERMASON
5,8869;10,11122;4,182336882;1,801421057;0,654605088;HOROZ
5,3027;9,10442;3,757425792;1,806354243;0,691533424;HOROZ
2,7662;6,25096;2,380967012;1,486065969;0,788212775;DERMASON
3,1612;6,65691;2,399569618;1,682363971;0,836079724;DERMASON
5,7371;9,59093;4,025313903;1,822267305;0,671431197;HOROZ
6,0239;9,6628;3,941802448;1,959888345;0,702585336;HOROZ
3,6813;6,91769;2,43007473;1,933256032;0,890914517;SEKER
5,486;9,11589;3,697305;1,898428757;0,714821626;HOROZ
4,7171;8,60849;3,48027196;1,743526498;0,70417308;HOROZ
3,6707;6,97665;2,443788346;1,915007484;0,884638662;SEKER
4,3968;7,63577;2,618395724;2,14330122;0,90362478;SEKER
5,4861;9,12768;3,617302884;1,953273283;0,730637644;HOROZ
3,0537;6,46047;2,450354323;1,592101645;0,804709921;DERMASON
2,6386;5,86497;2,040168473;1,650594356;0,898412542;DERMASON
3,7365;7,00139;2,475682939;1,923189911;0,881033716;SEKER
3,172;6,60858;2,479994942;1,632366092;0,810346673;DERMASON
5,9479;9,61314;3,947540886;1,932560099;0,697124348;HOROZ
3,3795;6,90578;2,563516827;1,681214356;0,809179948;DERMASON
3,7248;7,05116;2,322710332;2,044789927;0,937586805;SEKER
3,4079;6,86949;2,513405216;1,730145374;0,828773715;DERMASON
3,1344;6,64552;2,474443435;1,621403108;0,80733678;DERMASON
5,4628;9,43267;3,882664325;1,813758193;0,679255032;HOROZ
3,7423;7,20829;2,659007566;1,798417138;0,820927466;DERMASON
2,8264;6,31777;2,412246842;1,498201765;0,786411988;DERMASON
3,4844;7,02976;2,687728252;1,654185644;0,783670873;DERMASON
2,7566;6,24367;2,362875497;1,493493441;0,792868377;DERMASON
3,0735;6,4376;2,322038524;1,68973512;0,851926735;DERMASON
4,9825;9,07244;3,6870454;1,73375271;0,683125076;HOROZ
4,057;7,37047;2,487193482;2,083152297;0,913793348;SEKER
3,8311;7,25439;2,694731238;1,818148409;0,819598862;DERMASON
3,0349;6,47812;2,430052001;1,593263012;0,808931384;DERMASON
2,6584;6,08165;2,206112556;1,539603325;0,833945284;DERMASON
5,7765;9,63255;3,975883825;1,86155782;0,682108972;HOROZ
3,8542;7,23764;2,547115957;1,929009219;0,869708003;SEKER
3,394;6,86235;2,613401667;1,655894372;0,795435216;DERMASON
3,0768;6,47162;2,365545568;1,658821221;0,836706946;DERMASON
4,388;7,56327;2,562454805;2,186627679;0,922427314;SEKER
3,6474;6,9009;2,338446496;1,988087511;0,921550881;SEKER
3,8619;7,27785;2,731315577;1,80360902;0,811864758;DERMASON
4,4192;7,69732;2,759459448;2,042958668;0,859612796;SEKER
3,9108;7,17398;2,56096468;1,948200229;0,871333223;SEKER
3,6536;6,87345;2,315417418;2,012117885;0,9315073;SEKER
3,0579;6,53591;2,435735419;1,601447908;0,810096186;DERMASON
3,6076;6,93745;2,435262185;1,891972144;0,880072647;SEKER
3,9621;7,33765;2,563900083;1,970049405;0,876025361;SEKER
2,9002;6,43039;2,471040501;1,497897089;0,777658941;DERMASON
3,0626;6,70667;2,428937507;1,614059465;0,812987479;DERMASON
2,4053;5,91446;2,325720529;1,32298336;0,752457817;DERMASON
3,6833;7,06838;2,587670193;1,814840642;0,836882878;DERMASON
3,0495;6,42719;2,285183296;1,701855885;0,862280048;DERMASON
3,9448;7,41596;2,796156471;1,802467702;0,801504719;DERMASON
2,513;5,9695;2,257986789;1,42143117;0,792191005;DERMASON
3,8803;7,34716;2,784685032;1,77824913;0,79819983;DERMASON
3,3794;6,65826;2,18999894;1,965777218;0,947176588;SEKER
4,237;7,53514;2,603817502;2,075408241;0,89201827;SEKER
2,7194;6,03474;2,19549956;1,58860713;0,84753619;DERMASON
2,7214;6,14362;2,290634718;1,515672906;0,812634789;DERMASON
4,4515;7,57601;2,655904698;2,139674526;0,896387437;SEKER
3,3579;6,81257;2,559395111;1,67841527;0,807888828;DERMASON
2,374;5,66508;2,050815284;1,474884517;0,847752094;DERMASON
3,7479;7,03264;2,290163681;2,08466788;0,95385538;SEKER
5,401;9,14213;3,783393914;1,829928585;0,693123442;HOROZ
3,3912;6,93109;2,676705998;1,615147148;0,776302686;DERMASON
3,9668;7,16495;2,516618099;2,009251847;0,893013236;SEKER
5,1903;9,08476;3,665447142;1,811892679;0,701333088;HOROZ
5,2974;9,00713;3,71174681;1,824051327;0,699693918;HOROZ
3,6442;7,02779;2,62707454;1,768495251;0,819943195;DERMASON
6,1626;9,91168;4,091727315;1,929183117;0,684589708;HOROZ
3,757;7,25385;2,713029612;1,764700107;0,806159772;DERMASON
4,5218;7,8851;2,694230654;2,139499604;0,890586199;SEKER
3,8891;7,91343;3,194999963;1,568696185;0,696480172;HOROZ
3,8886;7,1601;2,432801926;2,039486883;0,914628951;SEKER
4,3033;7,46785;2,596430136;2,118346101;0,901528021;SEKER
3,0107;6,37623;2,344664928;1,638948273;0,835041411;DERMASON
4,4517;7,57197;2,618157548;2,166867686;0,909331483;SEKER
3,0834;6,56296;2,339633516;1,683615206;0,846880551;DERMASON
3,7177;7,07976;2,593124748;1,829215705;0,839013251;DERMASON
4,73;8,09261;2,810139788;2,145581051;0,873288429;SEKER
4,5066;7,68715;2,684169536;2,141847085;0,892420673;SEKER
3,8233;7,22709;2,741696164;1,778508917;0,804738767;DERMASON
3,6154;6,91479;2,320572892;1,986801502;0,924566219;SEKER
5,3978;9,24848;3,661477398;1,894386666;0,71599023;HOROZ
3,3584;6,58848;2,237351826;1,913544824;0,924244739;SEKER
3,4036;6,66067;2,269280102;1,911104706;0,917352422;SEKER
5,3743;9,46992;3,953224668;1,742350636;0,661705151;HOROZ
3,1516;6,57536;2,422357999;1,66095756;0,826955762;DERMASON
4,6173;7,92175;2,866587399;2,054085909;0,845831624;SEKER
4,1774;7,97024;3,089484571;1,729136732;0,746486675;HOROZ
3,9493;7,20349;2,469105923;2,041021982;0,90818725;SEKER
3,8544;7,29235;2,759158517;1,780822378;0,802891386;DERMASON
5,5035;9,176;3,793468218;1,853905766;0,697811456;HOROZ
6,7284;10,42588;4,166992868;2,061230776;0,702405985;HOROZ
3,4861;6,99286;2,57159639;1,728389871;0,819260795;DERMASON
3,4747;6,72202;2,345404192;1,88725983;0,896800867;SEKER
2,8628;6,26577;2,310964606;1,585905524;0,826146885;DERMASON
2,3684;5,71022;2,0723373;1,458234678;0,837957788;DERMASON
5,6161;9,3682;3,911434144;1,839732217;0,683654148;HOROZ
4,9235;8,01151;2,791017679;2,248524408;0,897076424;SEKER
4,3289;7,52142;2,634774873;2,094907505;0,891046406;SEKER
3,147;6,65716;2,518677227;1,59943488;0,794750693;DERMASON
3,3325;6,74433;2,238254842;1,897357064;0,920302508;SEKER
4,2192;7,58318;2,452178698;2,19319786;0,945187567;SEKER
3,8427;7,56323;3,065338861;1,605917844;0,721597149;HOROZ
4,1505;7,35254;2,550715218;2,073937438;0,901245886;SEKER
3,7927;6,97748;2,332598714;2,071627477;0,942083231;SEKER
3,1149;6,55423;2,339520083;1,698949755;0,851236693;DERMASON
2,3644;5,64881;2,033740398;1,485885891;0,853139439;DERMASON
5,0654;8,79938;3,572338985;1,814077434;0,710901236;HOROZ
6,4099;10,18482;4,291368414;1,909777577;0,665709702;HOROZ
3,0727;6,64146;2,359200434;1,670459882;0,838398128;DERMASON
4,0504;7,27151;2,584341131;1,998847877;0,878727417;SEKER
5,0764;8,85299;3,659343485;1,774422464;0,694751992;HOROZ
6,745;10,57643;4,367972691;1,999376553;0,670912868;HOROZ
3,6828;7,12199;2,696093137;1,742239111;0,80317325;DERMASON
3,1202;6,44454;2,156406947;1,844716842;0,924305534;SEKER
3,7982;7,20626;2,706916541;1,790020612;0,812398491;DERMASON
3,7123;7,31932;2,787859993;1,706059162;0,779840224;DERMASON
4,4389;8,25922;3,166612869;1,801679484;0,750754195;HOROZ
2,6749;6,07147;2,203671319;1,551975114;0,837456033;DERMASON
3,5764;6,74477;2,221229203;2,050983639;0,960693225;SEKER
4,0335;7,40017;2,711893015;1,897444059;0,835648307;DERMASON
4,5989;7,69145;2,679785692;2,188411482;0,902987999;SEKER
2,7059;6,16194;2,210291214;1,562557684;0,839772083;DERMASON
3,4594;6,91238;2,484744093;1,793429155;0,844644159;DERMASON
3,5414;6,9742;2,589546893;1,746907701;0,820009287;DERMASON
6,5587;10,10572;4,084144656;2,072316923;0,707559272;HOROZ
3,3159;6,53801;2,224440287;1,8998042;0,923708669;SEKER
6,067;9,89284;4,023994329;1,925597288;0,690692431;HOROZ
5,9921;9,97748;3,927859811;1,953597571;0,703215778;HOROZ
5,508;9,39289;3,944555672;1,788741836;0,671357639;HOROZ
3,4501;6,8951;2,558988439;1,721093863;0,819035219;DERMASON
2,8572;6,29666;2,33195044;1,564285063;0,817911028;DERMASON
2,594;5,97074;2,238816165;1,476995476;0,811748717;DERMASON
5,7217;9,48292;3,904365064;1,878260462;0,691300996;HOROZ
3,7904;7,23594;2,614980498;1,853386629;0,840096406;DERMASON
2,6264;5,99479;2,217402597;1,512012457;0,824690406;DERMASON
3,5189;6,90684;2,530728123;1,778752407;0,836398087;DERMASON
6,1261;10,06386;4,236661676;1,854672365;0,659209285;HOROZ
5,2425;9,02449;3,727634141;1,804026485;0,693092179;HOROZ
6,1811;9,78904;3,899334902;2,027154975;0,719444683;HOROZ
2,5757;6,20685;2,382027642;1,389055878;0,760249077;DERMASON
4,5252;7,86514;2,699056337;2,15013446;0,889328067;SEKER
3,9318;7,46921;2,798154344;1,794510188;0,79961163;DERMASON
5,1219;8,94249;3,458968434;1,891068871;0,738284938;HOROZ
3,2036;6,65675;2,485658622;1,644457259;0,812517492;DERMASON
3,0862;6,58184;2,478083675;1,58891659;0,799928419;DERMASON
3,2213;6,58216;2,214811143;1,852954324;0,914395217;SEKER
2,5165;6,02666;2,317650268;1,386561058;0,772334837;DERMASON
5,017;8,10208;2,771151484;2,307938036;0,91204621;SEKER
5,6761;9,59439;3,983767662;1,820855177;0,674817096;HOROZ
3,5838;7,04329;2,583012597;1,771988444;0,826990304;DERMASON
4,1408;7,56571;2,871576793;1,841275133;0,799607303;DERMASON
4,3525;7,62479;2,82820459;1,961182941;0,832364647;SEKER
2,3992;5,63407;2,01021699;1,521514111;0,869451471;DERMASON
4,52;8,73211;3,571308499;1,628601044;0,671733348;HOROZ
3,8824;7,41523;2,737411234;1,811418258;0,812204055;DERMASON
2,768;6,08736;2,243338804;1,572893366;0,836841547;DERMASON
2,9756;6,35482;2,377558875;1,597211444;0,818674106;DERMASON
3,2152;6,75913;2,400416912;1,707982678;0,842892866;DERMASON
5,2889;9,23455;3,786667943;1,785070772;0,685299656;HOROZ
4,2811;7,5258;2,668535388;2,048105217;0,874902745;SEKER
4,1451;7,57604;2,826748516;1,872938924;0,812709605;DERMASON
3,9215;7,09517;2,445157546;2,047266034;0,91384875;SEKER
4,721;7,91788;2,771429371;2,171949246;0,884643405;SEKER
4,6119;7,74893;2,581131983;2,278827401;0,938825307;SEKER
4,1323;7,9535;2,619883659;2,010000217;0,875525854;SEKER
3,4445;6,76892;2,466615423;1,779715268;0,849017635;DERMASON
3,3103;6,73502;2,516665948;1,679170796;0,815761422;DERMASON
3,1978;6,5938;2,455456011;1,666631267;0,821766722;DERMASON
3,1453;6,55601;2,427591222;1,657118113;0,824347905;DERMASON
3,1091;6,38558;2,104862549;1,883268476;0,945254305;SEKER
4,6371;8,10787;2,813781027;2,103387961;0,863551004;SEKER
2,6884;6,04484;2,304786449;1,491357098;0,802733358;DERMASON
2,8107;6,29312;2,415146029;1,486361471;0,783283379;DERMASON
3,429;6,84886;2,544472911;1,721170076;0,821184929;DERMASON
4,8067;7,91313;2,715494225;2,257855432;0,91102372;SEKER
3,1558;6,56453;2,429485646;1,669923013;0,825078856;DERMASON
3,4125;6,80111;2,551070378;1,705366051;0,81708822;DERMASON
4,39;8,39181;3,471792098;1,622413926;0,680978827;HOROZ
3,053;7,24734;2,703348303;1,448744959;0,729317202;DERMASON
5,2812;9,18444;3,772080714;1,825755884;0,68744885;HOROZ
3,4288;6,85929;2,546030427;1,719706283;0,820658641;DERMASON
4,1637;7,52604;2,831175686;1,877286654;0,813257271;DERMASON
2,927;6,43229;2,457317532;1,521817733;0,785606632;DERMASON
3,8706;7,20119;2,588464423;1,907525632;0,85763403;DERMASON
3,5634;6,85864;2,351230447;1,932178621;0,905924803;SEKER
3,1249;6,48912;2,37887999;1,67564227;0,838495214;DERMASON
4,0552;7,41016;2,763576019;1,874512838;0,822223306;DERMASON
3,9577;7,33731;2,737498462;1,843631701;0,820016537;DERMASON
3,6349;6,86851;2,265198481;2,048168758;0,949718792;SEKER
2,907;6,37119;2,419412146;1,530790439;0,795184157;DERMASON
5,7419;9,42998;3,713359336;1,980167964;0,728141685;HOROZ
3,6166;6,93373;2,268299222;2,033922504;0,946030099;SEKER
3,1579;7,36514;2,503311924;1,612805206;0,801012471;DERMASON
3,586;7,08973;2,742225823;1,67103004;0,779214429;DERMASON
5,3434;9,18473;3,676290579;1,855455883;0,70950273;HOROZ
3,9061;7,39395;2,723422598;1,828147714;0,818863854;DERMASON
3,5062;7,01948;2,232641008;2,002523714;0,946355923;SEKER
4,4594;8,46716;3,538563544;1,615875876;0,673389399;HOROZ
6,5561;10,19868;4,307485527;1,950269262;0,670739707;HOROZ
4,6028;7,79483;2,627993586;2,234295487;0,921174295;SEKER
2,6578;6,07052;2,271450768;1,495171858;0,809865465;DERMASON
3,3777;6,995;2,472041231;1,745063749;0,838899405;DERMASON
5,1994;9,21338;3,834577493;1,730682517;0,670987076;HOROZ
3,4337;6,67785;2,298067605;1,906295846;0,909857612;SEKER
4,1126;7,46459;2,694241243;1,946013744;0,849330685;SEKER
4,121;8,02191;3,03233757;1,789334443;0,755403199;HOROZ
2,2455;5,61438;2,102269269;1,37798038;0,80430959;DERMASON
3,1901;6,58995;2,408731705;1,691496358;0,836698092;DERMASON
4,0119;7,34219;2,647946821;1,931224646;0,853534048;SEKER
5,6404;9,22589;3,603630769;2,045914823;0,743651956;HOROZ
2,6461;6,07791;2,318829082;1,456264258;0,79157022;DERMASON
4,3964;7,95449;2,667102618;2,101685413;0,887082339;SEKER
3,3539;6,62418;2,236835362;1,912006021;0,923838579;SEKER
2,5721;6,05986;2,36325713;1,389916616;0,765751766;DERMASON
2,803;6,39705;2,288356922;1,57042302;0,825548979;DERMASON
4,207;7,63489;2,890223734;1,861234339;0,800773794;DERMASON
4,5993;7,73877;2,705475939;2,166622932;0,894452439;SEKER
3,8426;7,0922;2,443886801;2,00506918;0,905079155;SEKER
3,8602;7,12975;2,469570943;1,992321307;0,897714946;SEKER
5,6178;9,39382;3,829148532;1,878800169;0,698451064;HOROZ
5,1896;9,05698;3,632816718;1,824213717;0,707584831;HOROZ
3,2701;6,54784;2,320115854;1,802860663;0,879479872;DERMASON
2,4258;5,7062;2,077406156;1,489945674;0,845982036;DERMASON
5,4261;9,22242;3,774947726;1,839174156;0,696286563;HOROZ
4,8992;8,83881;3,667142971;1,709323765;0,681066943;HOROZ
3,0994;6,50335;2,382842684;1,659321726;0,83367831;DERMASON
2,7218;6,00994;2,155748405;1,616778719;0,863545232;DERMASON
5,1552;8,90528;3,638436901;1,810721152;0,704146413;HOROZ
6,4062;10,02749;4,047691989;2,02128944;0,705582578;HOROZ
2,7866;6,11215;2,2725766;1,564196958;0,828845999;DERMASON
2,6956;6,07337;2,294683068;1,4991654;0,807346696;DERMASON
3,4306;6,86346;2,557241207;1,712337457;0,817275362;DERMASON
4,4417;7,69784;2,777135197;2,038245272;0,856313218;SEKER
3,3567;6,83629;2,512995888;1,711022411;0,822658417;DERMASON
2,7353;6,52432;2,253461477;1,553221377;0,828146944;DERMASON
4,3946;7,69228;2,728279374;2,056476576;0,867013571;SEKER
6,4351;10,30083;4,05261815;2,028699194;0,706312715;HOROZ
3,3687;6,75875;2,504412967;1,716043472;0,826951966;DERMASON
3,7089;7,59483;3,043769382;1,563433159;0,713946843;HOROZ
3,0708;6,5927;2,506504374;1,565493905;0,788882566;DERMASON
3,7443;7,32327;2,77979959;1,720699297;0,785465097;DERMASON
3,196;6,73383;2,528375753;1,616667538;0,797841877;DERMASON
4,282;7,5013;2,651422695;2,063057277;0,880642055;SEKER
6,6106;10,47596;4,320923916;1,953759266;0,671427121;HOROZ
6,5091;10,22129;4,205230297;1,983662108;0,684582427;HOROZ
3,2283;6,7337;2,572697121;1,602294838;0,788049217;DERMASON
3,6591;6,99564;2,583017795;1,806185192;0,835631496;DERMASON
3,5139;6,96413;2,573099272;1,743680657;0,822040503;DERMASON
2,7166;6,39697;2,317196861;1,497418292;0,802610757;DERMASON
5,148;8,97604;3,579271538;1,884856465;0,715285929;HOROZ
6,7353;10,55855;4,376707663;1,970169148;0,669092239;HOROZ
3,2398;6,85704;2,579887038;1,601744636;0,78725145;DERMASON
5,7493;9,59576;3,894781481;1,892132276;0,694671447;HOROZ
2,9847;6,3668;2,358150005;1,617746223;0,826673421;DERMASON
3,1193;6,59196;2,419689602;1,649914748;0,823614481;DERMASON
5,3042;8,96923;3,596497681;1,891927189;0,722578808;HOROZ
2,9948;6,36964;2,311941469;1,654664022;0,844621508;DERMASON
5,9274;9,52086;3,920449958;1,934168731;0,70073089;HOROZ
3,5254;6,87045;2,250636401;1,996920336;0,941356056;SEKER
3,5326;7,13346;2,692918233;1,680892971;0,787551793;DERMASON
4,3077;8,30696;3,49041044;1,587692156;0,670967192;HOROZ
3,3731;6,8088;2,547059001;1,690931581;0,813636949;DERMASON
4,8433;8,0354;2,694073367;2,290584799;0,921756749;SEKER
3,2951;6,77454;2,451507948;1,71357353;0,835518467;DERMASON
6,226;9,78069;3,799616253;2,100652357;0,741002854;HOROZ
3,7679;7,07574;2,424523172;1,981308566;0,903396501;SEKER
6,7884;10,89592;4,237583854;2,060546751;0,693777908;HOROZ
3,9764;7,22344;2,527578302;2,005577303;0,890216159;SEKER
5,2;8,97688;3,577416469;1,863790352;0,719262187;HOROZ
2,5881;5,90606;2,196603168;1,504233951;0,826406986;DERMASON
3,1021;6,45054;2,383215147;1,661166801;0,833911006;DERMASON
3,505;6,94856;2,609576396;1,712414834;0,809522744;DERMASON
5,7534;9,3989;3,869711609;1,897638747;0,699421122;HOROZ
3,6934;7,15983;2,712667818;1,740412028;0,799413755;DERMASON
2,6698;5,97935;2,075660434;1,64228792;0,888255932;DERMASON
5,9189;9,56133;3,968444772;1,911172439;0,69175964;HOROZ
4,6907;8,57564;3,355606652;1,8123514;0,728287476;HOROZ
5,3444;9,44057;3,932035226;1,748887391;0,663417826;HOROZ
3,3373;6,80142;2,51939614;1,69003413;0,818193875;DERMASON
4,8207;8,72255;3,613120609;1,707479672;0,685689743;HOROZ
6,1658;10,44245;4,015379991;1,973196671;0,697787404;HOROZ
4,0548;7,37736;2,668840826;1,937009572;0,851367575;DERMASON
2,8354;6,28104;2,317005474;1,56448003;0,820040246;DERMASON
2,847;6,24257;2,322100188;1,570196724;0,819913126;DERMASON
5,1531;8,9444;3,498420573;1,891468941;0,732179097;HOROZ
3,2798;6,61676;2,313968745;1,81234626;0,883123113;DERMASON
3,7884;7,03214;2,465148776;1,959839049;0,890922318;SEKER
4,0091;7,27083;2,613132862;1,95560116;0,864603546;SEKER
4,7801;8,6333;3,586060299;1,70263653;0,687948555;HOROZ
3,4748;6,69267;2,210904959;2,002691414;0,951370963;SEKER
4,1949;7,44319;2,67657979;1,998148237;0,863446973;SEKER
2,9294;6,44536;2,388184262;1,565272034;0,808679746;DERMASON
3,9276;7,20452;2,604767598;1,922367397;0,858518591;SEKER
5,1492;8,67948;3,475726681;1,892910008;0,736680751;HOROZ
3,1561;6,51027;2,347007196;1,717635206;0,854114344;DERMASON
4,4543;7,64877;2,698147058;2,105971091;0,882630996;SEKER
5,1275;8,93525;3,643111537;1,800380199;0,701351009;HOROZ
3,5545;7,20761;2,616638997;1,734719121;0,813018652;DERMASON
6,1331;9,81574;4,056477603;1,934560457;0,688883844;HOROZ
2,6859;6,06793;2,169853438;1,581495565;0,85225504;DERMASON
4,0459;7,33681;2,479781156;2,080100795;0,915270102;SEKER
5,0855;8,93015;3,642368915;1,793222023;0,698615083;HOROZ
6,6091;10,43887;4,240714337;1,993814395;0,684048984;HOROZ
4,1874;7,57202;2,508892141;2,127029533;0,920333631;SEKER
4,2018;7,42118;2,528851414;2,119111119;0,914638409;SEKER
3,6525;7,10788;2,652592743;1,762312207;0,8129795;DERMASON
3,8404;7,34438;2,799279238;1,759157134;0,789945386;DERMASON
2,7239;6,13129;2,243137021;1,547945165;0,830223144;DERMASON
4,5735;7,76332;2,671302742;2,18329889;0,903350504;SEKER
2,7755;6,1278;2,223813023;1,595703025;0,845332188;DERMASON
5,4704;9,34794;3,801001028;1,846131893;0,694331093;HOROZ
3,5069;6,92225;2,342366519;1,912138075;0,902114988;SEKER
5,4954;9,17472;3,476613338;2,048505384;0,760848733;HOROZ
3,5353;6,89072;2,520301948;1,791753345;0,841812986;DERMASON
6,321;10,02819;4,169757411;1,949538804;0,680357482;HOROZ
5,1653;8,89077;3,610650176;1,830960548;0,710260105;HOROZ
5,7164;9,18841;3,559684561;2,066538915;0,757887684;HOROZ
3,7654;7,2214;2,667900359;1,801860878;0,820712434;DERMASON
5,8222;9,45639;3,780463661;1,969372169;0,72020072;HOROZ
3,8345;7,17637;2,636003887;1,857124368;0,838230355;DERMASON
4,1616;7,48956;2,566675385;2,069151929;0,896838577;SEKER
3,1637;6,56711;2,297192546;1,75510446;0,873685862;SEKER
3,5845;6,91866;2,375296825;1,933277871;0,89939706;DERMASON
3,8159;7,07153;2,477144126;1,965599343;0,889820232;SEKER
5,2593;9,03642;3,63870729;1,850580946;0,711167515;HOROZ
2,4277;5,82828;2,202652552;1,419059831;0,798190532;DERMASON
2,8526;6,1394;2,170002091;1,679380806;0,878244312;DERMASON
6,8505;10,28344;4,206668096;2,082468565;0,702066009;HOROZ
4,551;7,78457;2,850243848;2,035342175;0,844552127;SEKER
3,6581;7,11899;2,666283294;1,749238304;0,809424889;DERMASON
3,4849;6,84701;2,50084437;1,778844549;0,842293702;DERMASON
5,0551;8,28646;2,916220792;2,210689942;0,869960497;SEKER
3,5087;6,7815;2,372938758;1,884922823;0,890720911;SEKER
2,6625;6,12307;2,344139087;1,450415273;0,785446287;DERMASON
5,5573;9,16723;3,723930492;1,947710839;0,714307836;HOROZ
3,2911;6,69371;2,459198274;1,708312523;0,832399965;DERMASON
3,485;6,74295;2,304335815;1,927521882;0,914135723;SEKER
3,2187;6,67621;2,477787748;1,657868619;0,817017216;DERMASON
2,963;6,38705;2,313154606;1,63685719;0,839684669;DERMASON
4,8959;8,85222;3,585253123;1,745640116;0,696388364;HOROZ
3,2622;6,57009;2,352708698;1,771581895;0,866247896;SEKER
3,6062;7,00163;2,563042215;1,794820254;0,83603451;DERMASON
3,7681;7,03836;2,482210556;1,936317498;0,88242469;SEKER
2,6217;5,99714;2,229190747;1,501628473;0,819595046;DERMASON
3,0706;6,43256;2,360177787;1,660463135;0,837764519;DERMASON
2,8058;6,21031;2,35830118;1,519948737;0,801464234;DERMASON
4,9416;8,88399;3,705664344;1,711617602;0,676897289;HOROZ
4,1768;7,34841;2,482119894;2,143446965;0,929082209;SEKER
3,9621;7,39412;2,767030457;1,833441984;0,811715494;DERMASON
2,3164;5,73619;2,185557913;1,351730948;0,785777372;DERMASON
6,5521;10,1578;4,034499947;2,073342861;0,715905343;HOROZ
3,7313;7,12714;2,570721399;1,854855177;0,847871682;DERMASON
6,0833;10,00597;4,013640642;1,944276152;0,693403758;HOROZ
3,6878;7,22771;2,640097476;1,782811467;0,820764903;DERMASON
4,5626;7,90051;2,657257992;2,189481851;0,907042289;SEKER
4,865;8,9044;3,729335252;1,672397494;0,667367503;HOROZ
2,351;5,5879;1,902826321;1,584491421;0,909247726;DERMASON
2,6814;6,06055;2,277314548;1,505285234;0,811358595;DERMASON
4,3231;7,50007;2,639812639;2,087413776;0,888749964;SEKER
2,5895;5,92636;2,178824446;1,514506889;0,833375594;DERMASON
5,5547;9,40167;3,798429594;1,875577238;0,700134184;HOROZ
3,2525;6,63914;2,250778556;1,842147342;0,904130132;SEKER
5,1453;9,10397;3,788176307;1,74850002;0,675663139;HOROZ
5,9499;9,86818;3,969401298;1,919924422;0,693401673;HOROZ
2,5319;5,90337;2,205364099;1,468189422;0,814138014;DERMASON
4,1031;7,50784;2,684722165;1,949406184;0,851357099;SEKER
3,0573;6,61776;2,601477983;1,499551614;0,758409794;DERMASON
3,8338;7,18737;2,471090982;1,97705007;0,894089614;SEKER
4,5443;7,78406;2,684356503;2,158949664;0,896083259;SEKER
4,3504;7,59998;2,460012834;2,253381677;0,956714335;SEKER
3,9123;7,14166;2,46145837;2,025723123;0,906731366;SEKER
3,2061;6,53995;2,37928599;1,719643956;0,8491745;DERMASON
4,2714;7,51259;2,664714283;2,04460162;0,875164174;SEKER
6,117;9,83061;3,911900894;1,994405968;0,713405504;HOROZ
3,1225;6,61627;2,511724603;1,588730165;0,793842348;DERMASON
3,4853;6,87382;2,525148524;1,761422122;0,834234632;DERMASON
2,7955;6,15682;2,245307703;1,58722127;0,840250813;DERMASON
4,9518;8,64968;3,471134717;1,823424281;0,723377736;HOROZ
4,4049;8,12823;3,227544975;1,762762927;0,73375451;HOROZ
2,5647;6,01294;2,273244076;1,441781008;0,794927053;DERMASON
3,551;6,76975;2,271516125;1,993230352;0,936083459;SEKER
3,8819;7,30463;2,491774369;1,989668858;0,892212938;SEKER
3,6607;7,15076;2,726467892;1,718946703;0,791838733;DERMASON
3,1771;6,50151;2,377554858;1,705602217;0,845940768;DERMASON
2,7791;6,13302;2,256600142;1,569442433;0,833590075;DERMASON
3,1994;6,54535;2,121713961;1,924225318;0,951267141;SEKER
3,8577;7,28126;2,438771137;2,016438623;0,908757982;SEKER
5,3187;8,35257;2,963062454;2,287238817;0,87824766;SEKER
4,0623;7,54292;2,926719883;1,770996213;0,777069562;DERMASON
3,0891;6,40842;2,186057702;1,807010365;0,907213328;DERMASON
4,8644;8,35917;3,231527042;1,923552368;0,770126211;SEKER
3,5742;7,15642;2,718202285;1,689010797;0,784806717;DERMASON
3,8058;7,02407;2,43776737;1,989990877;0,902995905;SEKER
3,6461;6,94029;2,425611765;1,920090373;0,888276263;SEKER
2,8024;6,16129;2,296359093;1,555564939;0,822584117;DERMASON
2,2687;5,53435;2,046909196;1,412405819;0,83031908;DERMASON
4,7875;8,7203;3,543563628;1,729323453;0,696737551;HOROZ
5,2033;9,34384;3,934337671;1,69987666;0,654218561;HOROZ
3,8772;7,32365;2,74593569;1,800761833;0,809140239;DERMASON
3,4366;6,72823;2,427083008;1,810421903;0,861856423;DERMASON
5,416;9,29492;3,494594503;2,029347314;0,75144569;HOROZ
5,6978;9,64644;3,901640004;1,880727382;0,690337498;HOROZ
4,6625;7,85745;2,758307819;2,158361969;0,8833275;SEKER
3,1586;6,62214;2,488062263;1,623481386;0,8060113;DERMASON
3,1604;6,63947;2,406280237;1,676415;0,833642566;DERMASON
5,1639;9,18781;3,76864103;1,748460507;0,680392001;HOROZ
3,511;6,93189;2,541835434;1,764786006;0,831807907;DERMASON
3,6691;7,05173;2,595012429;1,803735801;0,83290485;DERMASON
4,3701;7,70263;2,764757779;2,014840559;0,853185878;SEKER
2,2205;5,64439;2,069064294;1,37691618;0,812655468;DERMASON
4,7291;8,61047;3,545429253;1,704029771;0,692110574;HOROZ
3,7083;7,04984;2,371603388;1,996918027;0,916221393;SEKER
3,9746;7,37813;2,76897602;1,83370946;0,81242369;DERMASON
5,496;9,32504;3,704222594;1,900218576;0,714136688;HOROZ
3,9195;7,38413;2,498854677;1,998315177;0,893983274;SEKER
3,838;7,84252;2,576520823;1,901348975;0,857973527;SEKER
4,1931;7,47385;2,615048843;2,04451655;0,883573871;SEKER
2,8018;6,22769;2,303662281;1,556271652;0,819888535;DERMASON
3,2048;6,55044;2,429274442;1,681903973;0,831531957;DERMASON
4,0325;7,47301;2,836691998;1,812849574;0,7987853;DERMASON
4,2101;7,61563;2,726025663;1,969605551;0,849319949;SEKER
3,8277;7,29704;2,81091512;1,736415521;0,785373555;DERMASON
4,1324;7,33765;2,617714293;2,012394016;0,876262026;SEKER
4,1924;7,41282;2,66576047;2,003749202;0,866693006;SEKER
4,2614;8,04837;3,272921792;1,667857622;0,711697733;HOROZ
2,9837;6,38618;2,368907377;1,607829873;0,822781572;DERMASON
2,9897;6,44523;2,418317986;1,577278838;0,806780623;DERMASON
3,6272;7,24509;2,428715934;1,905793454;0,884838658;SEKER
3,9997;7,43153;2,743001734;1,860736166;0,822702252;DERMASON
4,0381;7,24736;2,543755015;2,023771867;0,891391137;SEKER
3,7237;7,24155;2,648154251;1,799112389;0,82224099;DERMASON
4,2863;7,42672;2,587542011;2,111390364;0,902836133;SEKER
2,6403;6,03752;2,305788556;1,460777015;0,795174085;DERMASON
4,6418;7,80558;2,717285301;2,17911111;0,894670323;SEKER
3,5051;7,00244;2,577812882;1,738031485;0,81950928;DERMASON
3,9168;7,36811;2,738742968;1,83019214;0,8153977;DERMASON
3,2279;6,46556;2,181816038;1,885531418;0,929173821;SEKER
2,4568;5,74445;2,113147005;1,486671844;0,836970691;DERMASON
2,5038;5,90797;2,222298637;1,437161248;0,803438164;DERMASON
5,531;9,11785;3,597136066;1,984319793;0,73773438;HOROZ
4,0544;7,59063;2,850883467;1,815208386;0,796964342;DERMASON
3,2508;6,74073;2,505413872;1,65818335;0,812027444;DERMASON
3,2781;6,74424;2,604018626;1,608078929;0,784552611;DERMASON
5,2995;9,17029;3,867899328;1,750464077;0,671579368;HOROZ
4,0125;7,38378;2,756374431;1,858126573;0,820019858;DERMASON
2,9986;6,50014;2,463149674;1,558957072;0,793274557;DERMASON
3,2094;6,63532;2,516524786;1,627261894;0,803277812;DERMASON
4,8623;8,96599;3,606307342;1,737178725;0,689942978;HOROZ
3,4653;6,97633;2,589204543;1,706879204;0,811258235;DERMASON
2,9577;6,28476;2,306839252;1,635540529;0,841230068;DERMASON
3,9598;7,15191;2,457534219;2,053312462;0,913675777;SEKER
6,7889;10,62461;4,383611957;1,981784927;0,670691284;HOROZ
3,6278;6,89943;2,465483426;1,877492127;0,871715243;SEKER
5,2266;9,0364;3,665211214;1,829456302;0,703826614;HOROZ
5,0709;8,94442;3,665037302;1,775857532;0,69329678;HOROZ
5,418;9,51753;3,88728347;1,789482034;0,675660217;HOROZ
2,5145;5,99041;2,215129007;1,449409599;0,807759092;DERMASON
3,1725;6,58802;2,350157365;1,727741731;0,855182749;DERMASON
5,5145;9,3003;3,657450534;1,980564098;0,724485451;HOROZ
3,6684;7,17317;2,75036248;1,702850265;0,785784516;DERMASON
3,5403;6,78413;2,339865511;1,92879318;0,907369539;SEKER
2,976;6,56499;2,480332937;1,531977689;0,784804604;DERMASON
2,8549;6,30878;2,326747036;1,567858937;0,819410152;DERMASON
3,0774;6,51553;2,470166735;1,590241637;0,801347276;DERMASON
3,0718;6,50284;2,354233445;1,668635017;0,840043938;DERMASON
3,5798;7,43142;2,951079192;1,56380855;0,723441765;HOROZ
2,4073;5,76656;2,109344334;1,45714377;0,829989669;DERMASON
5,329;9,0492;3,629207993;1,877464239;0,717738199;HOROZ
3,9623;7,3244;2,72911589;1,85141091;0,82301312;DERMASON
3,7669;6,9899;2,432854619;1,976686076;0,900183291;SEKER
4,1837;7,64055;2,924190772;1,827281369;0,789277322;DERMASON
3,9365;7,32258;2,747656908;1,829285611;0,814793741;DERMASON
3,3154;6,67313;2,435331424;1,736702401;0,843655133;DERMASON
3,4742;7,08588;2,648028666;1,682092989;0,794254685;DERMASON
4,5606;8,55192;3,420626726;1,713851827;0,704466533;HOROZ
3,1125;6,57231;2,537003625;1,568484867;0,784672896;DERMASON
5,0181;8,8094;3,652980956;1,754863836;0,691954132;HOROZ
3,7753;7,20089;2,714327861;1,776567264;0,807734232;DERMASON
4,4903;7,72654;2,771386431;2,066872579;0,862771224;SEKER
3,9509;7,37717;2,618813448;1,9228283;0,856443102;SEKER
2,9149;6,38688;2,439807936;1,52660434;0,789607473;DERMASON
2,8196;6,24647;2,339070745;1,538845783;0,810038113;DERMASON
5,4413;9,22901;3,797136483;1,83156467;0,693186645;HOROZ
3,6863;6,90538;2,367542211;1,983587987;0,915066522;SEKER
4,5908;8,27009;3,361192709;1,747919856;0,719292999;HOROZ
6,2465;10,07548;4,127533854;1,935013473;0,683254951;HOROZ
3,7969;6,99361;2,394126401;2,023015447;0,918380308;SEKER
3,9573;7,19251;2,453796561;2,058101582;0,914778594;SEKER
5,82;9,75344;4,016261513;1,853796552;0,677789081;HOROZ
3,4129;6,80157;2,440174548;1,787571063;0,85427156;DERMASON
2,8461;6,47686;2,220829234;1,634388534;0,857166069;DERMASON
2,9652;6,37766;2,347056284;1,613935243;0,827863148;DERMASON
2,8122;6,28351;2,366192561;1,52043688;0,799701806;DERMASON
2,8209;6,15103;2,235858671;1,609587055;0,84762656;DERMASON
2,8773;6,37817;2,401235259;1,535116158;0,797100204;DERMASON
3,4006;6,83253;2,625657106;1,652160008;0,792491888;DERMASON
5,1978;9,13367;3,644751867;1,826510379;0,705824736;HOROZ
2,4863;5,72216;2,019699423;1,569574395;0,88093747;DERMASON
5,8051;9,49199;3,850625692;1,923678812;0,706038864;HOROZ
2,9352;6,27001;2,234084564;1,679127984;0,865315137;DERMASON
5,4438;9,50299;3,8810464;1,795773303;0,678355429;HOROZ
4,1044;7,41688;2,759612985;1,897665962;0,828384032;SEKER
4,5471;8,48858;3,464046728;1,687187575;0,694606064;HOROZ
3,8837;7,15528;2,532922345;1,953822164;0,877922181;SEKER
3,7315;7,01999;2,380546589;1,998358502;0,915630176;SEKER
5,3799;9,27771;3,765134286;1,837309208;0,695123051;HOROZ
5,4338;9,25712;3,794359707;1,858539827;0,693215691;HOROZ
2,9709;6,39387;2,389270984;1,587439363;0,814017361;DERMASON
3,8145;7,27902;2,768498473;1,759872019;0,796030266;DERMASON
3,5085;6,93747;2,459349428;1,818560113;0,85940042;SEKER
3,4245;6,87228;2,451386131;1,786131847;0,851808403;DERMASON
3,8498;7,96404;2,671578551;1,839024275;0,8287169;DERMASON
4,3924;8,34163;3,454243527;1,629959755;0,684625464;HOROZ
4,1506;7,3216;2,539617627;2,082460293;0,905195044;SEKER
4,1246;8,18326;3,151393044;1,676372112;0,727182479;HOROZ
3,2723;6,72774;2,555404439;1,634189813;0,798770414;DERMASON
3,9659;7,42829;2,802756751;1,806504477;0,801752886;DERMASON
3,899;7,20442;2,353134449;2,111422148;0,946858179;SEKER
3,3389;6,71737;2,396728284;1,779340438;0,860276312;DERMASON
4,1423;7,38127;2,672506913;1,977869605;0,859324109;SEKER
4,5137;7,74785;2,729422702;2,107777727;0,878315618;SEKER
4,0824;7,3642;2,571585532;2,023097591;0,886567615;SEKER
4,1974;7,5472;2,854805882;1,875134589;0,809783;SEKER
4,5919;7,76844;2,545527528;2,298039285;0,949890343;SEKER
3,8487;7,11559;2,5500387;1,923526295;0,868091128;SEKER
5,3576;9,35254;3,977631863;1,722405901;0,656622282;HOROZ
4,618;8,50826;3,440814557;1,723668752;0,70472675;HOROZ
5,9172;9,73722;3,714188819;2,036719435;0,739008112;HOROZ
3,5467;6,83515;2,26947476;1,992610778;0,936358009;SEKER
6,2905;10,0435;4,025876561;1,998548498;0,702970642;HOROZ
3,3454;6,77219;2,375972802;1,798045469;0,868635592;DERMASON
3,513;6,78016;2,391831502;1,871601061;0,884226554;SEKER
4,2461;7,47718;2,658522749;2,034464715;0,874600633;SEKER
4,1323;7,36957;2,524834412;2,087696287;0,908485667;SEKER
3,0015;6,41881;2,361660032;1,621171454;0,827764607;DERMASON
3,83;7,09442;2,440048329;2,001783035;0,905015501;SEKER
5,9435;9,63995;3,907240258;1,942842718;0,704054171;HOROZ
3,9188;7,13669;2,474283258;2,017753134;0,902780547;SEKER
5,0129;8,25083;3,032506787;2,107995845;0,833101274;SEKER
2,9505;6,32744;2,37818635;1,583588239;0,814998833;DERMASON
3,3013;6,52684;2,237818539;1,880291423;0,916162872;SEKER
4,5154;7,73686;2,736448496;2,104505268;0,876225515;SEKER
5,0206;9,0106;3,742108249;1,727133563;0,675641821;HOROZ
3,5134;6,68885;2,262664317;1,97955771;0,934757008;SEKER
5,4434;9,46419;3,920469996;1,790746985;0,671509327;HOROZ
4,3672;7,56109;2,628048542;2,117530947;0,897270144;SEKER
4,5244;7,74166;2,784999888;2,071100621;0,861807708;SEKER
2,6774;6,14863;2,210906139;1,545715208;0,835105576;DERMASON
3,9109;7,48389;2,952733671;1,69124068;0,755734309;DERMASON
3,2143;6,58745;2,435473137;1,682202678;0,830643976;DERMASON
3,3431;6,66841;2,199074077;1,936804685;0,938188022;SEKER
6,7113;10,31777;4,167617154;2,064130715;0,701407764;HOROZ
6,9353;10,41966;4,290831643;2,071065811;0,69254215;HOROZ
3,4377;7,36459;2,980691187;1,488949001;0,701894861;HOROZ
2,1314;5,37215;1,939609965;1,400814439;0,849323486;DERMASON
4,0581;7,47872;2,800538784;1,847775286;0,811661302;DERMASON
5,4768;9,30691;3,928306908;1,783087406;0,672222569;HOROZ
5,4942;9,35192;3,85795502;1,832918645;0,685567359;HOROZ
3,9246;7,15008;2,474818391;2,021018397;0,903253024;SEKER
4,9925;8,95969;3,543854292;1,800151337;0,711439934;HOROZ
5,2983;9,17359;3,684893717;1,840945033;0,704852697;HOROZ
5,4049;9,0742;3,652536275;1,900859936;0,718214805;HOROZ
2,7729;6,21646;2,340180239;1,510420751;0,802921071;DERMASON
3,4196;6,90131;2,649295953;1,657880877;0,787611842;HOROZ
4,7361;8,61338;3,543227484;1,719674731;0,693053012;HOROZ
3,6265;6,84137;2,409473325;1,918950253;0,891819117;SEKER
3,064;6,55654;2,439888038;1,605221912;0,809523652;DERMASON
4,1086;8,07202;3,330298565;1,582765383;0,686781867;HOROZ
2,7806;6,12108;2,227477683;1,595157076;0,84471646;DERMASON
4,4648;8,33623;3,502937625;1,629104514;0,680649704;HOROZ
3,6365;6,90321;2,391409014;1,938346431;0,899793794;SEKER
4,2772;7,53505;2,693754713;2,026182578;0,866316909;SEKER
3,606;7,153;2,670264891;1,73271399;0,802441858;DERMASON
3,9989;7,18723;2,471612238;2,061444571;0,912945799;SEKER
3,918;7,09775;2,438445023;2,046504117;0,915955356;SEKER
5,8566;9,67382;3,973698488;1,884372785;0,68719965;HOROZ
3,2782;6,66759;2,512848315;1,662973185;0,813029883;DERMASON
4,031;7,29425;2,554046089;2,01238656;0,887018603;SEKER
4,0154;7,29638;2,412845985;2,119747376;0,937108475;SEKER
6,195;9,74693;3,885474202;2,054762434;0,722822537;HOROZ
3,5042;6,7665;2,256145213;1,978959341;0,936229784;SEKER
3,4483;6,87567;2,337407243;1,885878665;0,896444062;SEKER
3,8273;7,34341;2,698911914;1,811090884;0,817923341;DERMASON
3,9436;7,26064;2,568395269;1,962151501;0,872448152;SEKER
5,6318;10,26226;3,845543262;1,876346173;0,696339401;HOROZ
4,8148;8,80077;3,567759132;1,731598254;0,693982723;HOROZ
4,1466;7,33677;2,596745351;2,035889547;0,884854305;SEKER
6,5237;10,47249;4,06676911;2,071599779;0,708683847;HOROZ
4,6519;8,63421;3,567518402;1,675166271;0,682187916;HOROZ
3,9709;8,10463;3,306122854;1,535966997;0,680112171;HOROZ
5,8667;9,41385;3,713572029;2,037425988;0,735970061;HOROZ
3,7833;7,30074;2,743412064;1,760699071;0,80001735;DERMASON
3,821;7,0563;2,36731011;2,059160211;0,931726452;SEKER
3,6192;6,98107;2,552130666;1,811455116;0,84112094;DERMASON
4,1884;7,48149;2,677978082;1,993749602;0,862327263;SEKER
4,6144;8,5655;3,513257679;1,678875095;0,689926259;HOROZ
3,3195;6,78444;2,559467211;1,656382426;0,803233523;DERMASON
3,5955;6,83377;2,42604317;1,888736921;0,881934194;SEKER
3,0277;6,37285;2,37948898;1,621630339;0,825140268;DERMASON
4,1456;7,31423;2,560489743;2,065001164;0,897275308;SEKER
3,9628;7,23609;2,501148624;2,018703277;0,898083334;SEKER
4,4344;7,72196;2,639895261;2,143562534;0,900089708;SEKER
5,3931;9,15794;3,645795437;1,892970041;0,718756854;HOROZ
3,459;6,90751;2,515688914;1,754644572;0,834206183;DERMASON
4,9158;8,8474;3,680108409;1,709600126;0,679816263;HOROZ
3,7928;7,03265;2,411531535;2,006843613;0,911259534;SEKER
3,3163;6,76418;2,510718558;1,685556793;0,818434508;DERMASON
5,3447;9,36493;3,72025377;1,840816331;0,701203638;HOROZ
3,8424;7,24492;2,685028165;1,828303832;0,8237729;DERMASON
3,9023;7,11172;2,481913972;2,004316811;0,898108202;SEKER
6,5123;10,14245;4,0233864;2,077145894;0,715699173;HOROZ
3,3946;6,67313;2,315425397;1,870289921;0,897880563;SEKER
3,9579;7,21252;2,420461419;2,084598355;0,927447433;SEKER
2,1766;5,36869;1,889191604;1,470480736;0,881187575;DERMASON
2,8641;6,24687;2,349392178;1,557209757;0,812818593;DERMASON
3,9367;7,28934;2,477471723;2,025006354;0,903675511;SEKER
3,7493;6,95177;2,428672064;1,966838318;0,899624507;SEKER
4,245;8,28116;3,479515245;1,564693657;0,668151831;HOROZ
3,3547;6,53512;2,137540709;1,999257014;0,966868717;SEKER
3,9454;7,17993;2,556058624;1,969123275;0,87685901;SEKER
2,9293;6,36476;2,410748285;1,553683844;0,801097024;DERMASON
6,0414;10,28367;3,903221834;1,978387131;0,710559778;HOROZ
3,7152;6,94797;2,46690685;1,922165854;0,881644307;SEKER
2,7616;6,14614;2,320924254;1,520382049;0,807931385;DERMASON
3,8543;7,17555;2,549755005;1,929353689;0,868819108;SEKER
3,2705;6,54454;2,238758675;1,861499298;0,911496183;SEKER
4,5413;8,51184;3,564810558;1,627388862;0,674541541;HOROZ
3,8899;7,20474;2,545505596;1,949621465;0,874279352;SEKER
5,0233;8,18361;2,881186704;2,221320774;0,87776491;SEKER
2,7277;6,05212;2,181704781;1,594646912;0,854195694;DERMASON
3,2854;6,8172;2,538612566;1,650859589;0,805661778;DERMASON
4,0462;7,33598;2,482216581;2,077497855;0,914405985;SEKER
2,7645;6,24258;2,221036047;1,591765783;0,844710221;DERMASON
3,2283;6,75375;2,493920316;1,652899296;0,812941752;DERMASON
3,6774;7,04528;2,604162811;1,804722028;0,830916461;DERMASON
3,2323;6,64437;2,424343542;1,699603597;0,836790476;DERMASON
3,5414;6,80978;2,371379832;1,903678563;0,895450181;SEKER
2,6695;6,1757;2,265564046;1,506986145;0,813755015;DERMASON
5,1988;8,95263;3,596862609;1,854459917;0,715291008;HOROZ
5,8225;9,50191;3,90115627;1,908250632;0,697937383;HOROZ
3,3211;6,7316;2,490014921;1,702420172;0,825836523;DERMASON
3,258;6,67271;2,43627789;1,71221475;0,835995184;DERMASON
4,8452;8,76448;3,626321293;1,709250073;0,684927547;HOROZ
3,7937;7,28164;2,769207116;1,751401951;0,793653823;DERMASON
5,1418;9,10152;3,69896914;1,775215722;0,691722562;HOROZ
3,6173;7,07513;2,628280545;1,757621196;0,8165365;DERMASON
5,8559;9,68672;3,979043559;1,887356405;0,686235517;HOROZ
4,9606;8,61263;3,497413317;1,812251196;0,718580131;HOROZ
2,8008;6,19174;2,315665731;1,543039597;0,815493004;DERMASON
3,0779;6,47938;2,426919702;1,617797974;0,815693318;DERMASON
3,2107;6,69826;2,438172888;1,678074196;0,829259443;DERMASON
4,4706;7,73551;2,667842277;2,136209863;0,894288849;SEKER
3,401;6,81989;2,578296401;1,686463916;0,807096628;DERMASON
4,2026;7,5105;2,780711407;1,9295676;0,831875184;DERMASON
3,8498;7,28322;2,695265881;1,826379759;0,821433726;DERMASON
4,5347;8,34011;2,64891106;2,202328694;0,907114195;SEKER
4,1122;7,80307;3,088866826;1,707887857;0,740786381;HOROZ
2,3553;5,7769;2,163088938;1,389570923;0,800578272;DERMASON
3,8628;7,20599;2,514163481;1,966785032;0,882089509;SEKER
3,1622;6,59514;2,514367622;1,604463714;0,798033184;DERMASON
3,9603;7,43722;2,860540116;1,767935671;0,785002536;DERMASON
2,6262;6,12125;2,23163167;1,500670985;0,81940091;DERMASON
4,8884;8,87627;3,731319416;1,674730844;0,668614821;HOROZ
3,7856;7,08716;2,484303303;1,943603238;0,883726349;SEKER
3,8782;7,25419;2,696616825;1,836013624;0,824044984;DERMASON
3,3291;6,78712;2,450529144;1,74008211;0,840153436;DERMASON
5,195;9,01138;3,626485636;1,864283434;0,709188809;HOROZ
3,2142;9,08265;2,43527936;1,721234015;0,830697149;DERMASON
5,5046;9,4619;3,768101519;1,870892505;0,702579295;HOROZ
3,3057;6,85698;2,584102934;1,644545534;0,793920414;DERMASON
4,3638;7,67847;2,682718852;2,076756619;0,878642724;SEKER
3,3347;6,66275;2,413115308;1,762831593;0,853896767;DERMASON
2,8053;6,19809;2,32087381;1,550669744;0,814316411;DERMASON
3,2886;6,73097;2,514364676;1,671550016;0,813827421;DERMASON
4,7286;9,79365;3,738836862;1,627948258;0,656273446;HOROZ
2,8523;6,45311;2,377351598;1,53422423;0,801602834;DERMASON
3,6244;7,01396;2,375323078;1,945318786;0,904378922;SEKER
3,7228;7,16026;2,579078533;1,844985353;0,844161119;DERMASON
4,4665;7,62969;2,564415942;2,218978366;0,929930004;SEKER
3,7135;6,96823;2,427890097;1,951305704;0,895607558;SEKER
4,1182;7,32169;2,593776148;2,024749612;0,882828377;SEKER
4,0533;7,5594;2,52952624;2,043172472;0,898090794;SEKER
2,9793;6,40305;2,397571517;1,584070994;0,812345178;DERMASON
2,901;6,31818;2,384778657;1,554379018;0,805899428;DERMASON
4,139;7,36073;2,396588879;2,200216048;0,95787587;SEKER
3,3444;6,7712;2,47868851;1,722720972;0,83251528;DERMASON
3,9709;7,39117;2,803690589;1,807913799;0,801990919;DERMASON
3,9754;7,21292;2,524577187;2,011918221;0,891162335;SEKER
3,4503;6,7824;2,365446412;1,858927694;0,886074778;SEKER
6,3366;10,06058;4,13047019;1,981368874;0,687675756;HOROZ
3,903;7,39241;2,83723807;1,756181537;0,785703262;DERMASON
3,2904;6,68662;2,400670103;1,75161431;0,852603132;DERMASON
4,6015;7,75166;2,772145631;2,115356223;0,873149744;SEKER
5,5702;9,44889;3,870140646;1,841040903;0,688119247;HOROZ
3,1053;6,41339;2,310553929;1,712635313;0,860578975;DERMASON
4,5478;8,38042;3,318432701;1,762767668;0,725141438;HOROZ
5,1712;8,99975;3,688724141;1,799895824;0,695623986;HOROZ
4,5968;8,41037;3,466311768;1,694391061;0,697935425;HOROZ
3,9669;7,15564;2,480761897;2,039009533;0,905932005;SEKER
4,2122;7,48798;2,512047805;2,141417033;0,921895407;SEKER
4,4704;7,70546;2,837721789;2,007846995;0,840733662;SEKER
4,7829;8,00678;2,920089795;2,087494588;0,845092998;SEKER
5,9651;10,28745;4,219864556;1,809633151;0,653078538;HOROZ
4,7344;8,28258;3,246922984;1,872701519;0,756163214;HOROZ
4,4957;7,77754;2,778000417;2,063069985;0,861234491;SEKER
2,9393;6,33927;2,399994363;1,562160337;0,806058932;DERMASON
3,9709;7,19045;2,536662173;1,995592514;0,886414602;SEKER
5,9526;9,57048;3,885707111;1,962954862;0,708497541;HOROZ
2,7923;6,17327;2,321685812;1,533572378;0,812143271;DERMASON
3,9576;7,36792;2,759812888;1,828354984;0,81337603;DERMASON
2,9372;6,35787;2,338804883;1,610266668;0,826852088;DERMASON
4,1586;7,45494;2,623119312;2,020466643;0,87722417;SEKER
4,0884;7,33137;2,496225809;2,087019391;0,914003545;SEKER
2,831;6,34894;2,38072282;1,518170946;0,797473314;DERMASON
3,9701;7,18722;2,537053814;1,993061297;0,886188486;SEKER
3,6361;6,85038;2,347907394;1,974200707;0,916414612;SEKER
5,9685;11,39285;4,067940569;1,880208781;0,677661884;HOROZ
4,2057;7,52331;2,570122847;2,086563418;0,900368562;SEKER
2,7507;6,03822;2,166537511;1,618939583;0,863794551;DERMASON
3,5091;6,85847;2,325036811;1,926269167;0,909123949;SEKER
3,3352;6,76179;2,460430636;1,730059263;0,837538682;DERMASON
3,189;6,61977;2,429988586;1,673011328;0,82923588;DERMASON
3,8845;7,10022;2,428479608;2,03978555;0,915773688;SEKER
3,5773;6,95263;2,602901236;1,754282129;0,819926742;DERMASON
5,2086;9,19908;3,77754574;1,767768065;0,681719679;HOROZ
4,0415;7,30648;2,586716558;1,991611376;0,876955402;SEKER
2,8771;6,3501;2,333597483;1,572593398;0,820175119;DERMASON
3,7583;7,17057;2,592028285;1,851352856;0,843938977;DERMASON
3,0529;6,40227;2,296933267;1,699602498;0,858347153;DERMASON
5,5272;9,38937;3,899998783;1,808831036;0,680210259;HOROZ
2,3947;5,77697;2,219711354;1,380963479;0,786654648;DERMASON
4,3949;7,64043;2,77995372;2,01440147;0,850926389;SEKER
4,0142;7,35881;2,650161237;1,932607067;0,853065278;SEKER
3,4723;7,02478;2,740875778;1,617942828;0,767139467;DERMASON
3,4509;6,88346;2,509547498;1,753087423;0,835267968;DERMASON
2,6989;6,03446;2,092363658;1,649686621;0,885954234;DERMASON
2,5256;5,8629;2,205764305;1,460429268;0,812976963;DERMASON
5,7304;9,46431;3,754172524;2,002333228;0,719504147;HOROZ
3,4945;6,75172;2,349899023;1,895541679;0,897632113;SEKER
5,4591;9,12897;3,676080579;1,908502185;0,71718395;HOROZ
4,4716;7,6611;2,605966617;2,186403051;0,915625091;SEKER
4,0838;7,31101;2,428971552;2,144152043;0,938782236;SEKER
2,4707;5,90391;2,175571133;1,453784403;0,815251824;DERMASON
5,4888;9,25035;3,709721324;1,902638959;0,712610925;HOROZ
6,2517;10,1137;4,044650897;1,983090131;0,697546367;HOROZ
2,9842;6,36204;2,294911706;1,659755961;0,849381976;DERMASON
3,6461;6,95283;2,396298858;1,940208167;0,899142169;SEKER
5,9442;9,75979;4,028874444;1,901494603;0,682838552;HOROZ
3,1689;6,65122;2,443291763;1,657024826;0,822117695;DERMASON
3,3915;6,77634;2,503660993;1,728084792;0,829994944;DERMASON
4,6374;7,93148;2,941277065;2,010404146;0,826145234;SEKER
5,434;9,39694;3,831179338;1,821098958;0,686566161;HOROZ
3,8475;7,08856;2,500996987;1,960365344;0,884975413;SEKER
3,8654;7,24039;2,7247777;1,8129903;0,814181452;DERMASON
3,5734;7,00162;2,494697994;1,829150412;0,855023198;SEKER
5,1894;9,01802;3,673547664;1,821624611;0,699725907;HOROZ
5,165;9,06338;3,684880379;1,79682191;0,695932035;HOROZ
3,1353;6,66601;2,60785888;1,535014856;0,76614421;DERMASON
2,5098;5,81869;2,077521342;1,544272061;0,860456903;DERMASON
4,1189;7,33839;2,494969654;2,10544397;0,917868394;SEKER
4,4614;8,50425;3,512689862;1,623080891;0,678501533;HOROZ
3,179;6,62569;2,468040912;1,645567495;0,815169588;DERMASON
3,9064;7,17191;2,478489448;2,009042475;0,899821448;SEKER
3,9722;7,44336;2,869304966;1,765014251;0,783779505;DERMASON
3,9082;7,195;2,475161406;2,014585114;0,901238892;SEKER
6,112;10,00656;3,83745192;2,051543147;0,726948735;HOROZ
5,0483;8,85061;3,610962884;1,786399986;0,702109117;HOROZ
3,5091;6,8822;2,258521795;1,97988503;0,935898273;SEKER
3,6473;6,90992;2,326367254;1,997496676;0,926323169;SEKER
2,8552;6,19107;2,27103332;1,601897186;0,839556292;DERMASON
3,0398;6,4492;2,405503201;1,614825028;0,817846172;DERMASON
3,9141;7,13315;2,540004503;1,965365763;0,878894064;SEKER
3,5602;6,88378;2,406556265;1,885903078;0,884700428;SEKER
3,9282;7,50197;2,698512008;1,858198303;0,828757554;SEKER
4,1221;7,40389;2,503152918;2,100477636;0,915223029;SEKER
3,9629;7,19764;2,454139047;2,058607852;0,915297868;SEKER
4,6701;7,81494;2,743479976;2,171541499;0,888825191;SEKER
6,0108;10,28464;4,167736375;1,84519177;0,663775101;HOROZ
4,2024;7,34883;2,507946761;2,135640184;0,9223281;SEKER
6,3218;10,17841;4,32095913;1,869965114;0,656591531;HOROZ
3,2262;6,52419;2,226986563;1,845129929;0,910087409;SEKER
5,8959;9,58214;3,814574722;2,002629329;0,718263814;HOROZ
3,3816;6,87426;2,527570007;1,707938506;0,820942961;DERMASON
3,9029;7,5046;2,681715046;1,869279999;0,831258583;DERMASON
3,4676;6,92148;2,555587739;1,730571663;0,822202439;DERMASON
2,9651;6,40693;2,358028788;1,60453744;0,823996997;DERMASON
4,3181;7,55838;2,611133383;2,107476489;0,897991757;SEKER
3,6799;7,59261;3,006202949;1,572337118;0,72003693;HOROZ
3,0749;6,5155;2,475407817;1,588576898;0,799325742;DERMASON
3,7031;7,00842;2,451397042;1,924627248;0,885776434;SEKER
4,5512;7,84574;2,653760649;2,186235884;0,907102304;SEKER
3,6458;7,31111;2,83698962;1,649206882;0,759440463;HOROZ
3,7968;7,21739;2,67353509;1,812776036;0,822390399;DERMASON
3,9528;7,18837;2,454560643;2,051241486;0,913973731;SEKER
3,4097;6,80595;2,27819142;1,908101712;0,914582595;SEKER
6,4492;9,99141;3,897986798;2,164386871;0,735135877;HOROZ
3,3666;6,84632;2,596233715;1,655788265;0,797456557;DERMASON
3,6421;6,8746;2,386993457;1,944298757;0,902152099;SEKER
4,7328;8,74436;3,634143173;1,661896743;0,67547939;HOROZ
3,8104;7,04491;2,505443019;1,938348637;0,879135492;SEKER
5,817;9,71247;4,010663216;1,854691827;0,678560221;HOROZ
3,6837;7,32878;2,847182725;1,656490262;0,760644705;DERMASON
4,5475;7,73603;2,704200681;2,144588917;0,889820681;SEKER
3,1823;6,62532;2,228726889;1,818946963;0,903168466;SEKER
4,0869;7,58312;2,85191666;1,831692606;0,799862313;DERMASON
4,0956;7,33353;2,624366095;1,989044828;0,87014055;SEKER
3,2532;6,78937;2,699474163;1,540422782;0,753930419;DERMASON
2,6962;6,06927;2,188406959;1,575983653;0,846648268;DERMASON
3,7338;7,15586;2,602910436;1,831664802;0,83766691;DERMASON
3,0616;6,50285;2,407661412;1,623400573;0,820037799;DERMASON
2,792;6,18669;2,353396905;1,513921866;0,80115692;DERMASON
4,8797;8,79911;3,684560319;1,691747737;0,676497117;HOROZ
3,3507;6,97251;2,561514009;1,673941553;0,806354654;DERMASON
5,6514;9,39837;3,787018614;1,927573674;0,708330012;HOROZ
3,2601;6,66726;2,407172415;1,733194823;0,846375966;DERMASON
5,5559;9,34184;3,692990243;1,92668844;0,720201645;HOROZ
2,1666;5,31318;1,871686348;1,476309493;0,887383514;DERMASON
5,058;8,71252;3,485164796;1,866664568;0,728150502;HOROZ
3,3796;6,89612;2,570214392;1,678566113;0,807083296;DERMASON
2,7362;6,03342;2,153632076;1,626438858;0,866677392;DERMASON
4,1301;7,54588;2,780400871;1,893976816;0,82476064;SEKER
3,9397;7,40929;2,798535137;1,794480335;0,800305629;DERMASON
4,648;7,93169;2,692271617;2,200689481;0,903585486;SEKER
4,4868;8,9866;2,716077667;2,109555106;0,879997079;SEKER
4,3791;7,59364;2,743113101;2,037227969;0,860803009;SEKER
3,7822;7,17819;2,655266233;1,824093718;0,826455039;DERMASON
3,1719;6,57969;2,406548496;1,682282518;0,835064814;DERMASON
2,8532;6,26691;2,303359945;1,579116792;0,827483527;DERMASON
4,4028;7,68937;2,745148104;2,045684639;0,862489384;SEKER
4,7239;8,20129;2,831273358;2,129647399;0,866210821;SEKER
3,722;6,97179;2,46030186;1,928818788;0,884819833;SEKER
3,1498;6,77257;2,574966031;1,56238759;0,777723182;DERMASON
3,1464;6,66041;2,409890351;1,667300862;0,830548012;DERMASON
3,5838;6,89511;2,355032281;1,939656753;0,907047598;SEKER
3,5901;6,84781;2,380264533;1,922740092;0,898220798;SEKER
4,9949;8,23828;2,991147955;2,129170718;0,84310286;SEKER
2,9923;6,33899;2,295402992;1,663706019;0,850351892;DERMASON
3,5086;6,89535;2,550924527;1,754664838;0,828560794;DERMASON
5,0247;8,90069;3,555828891;1,814463607;0,711326967;HOROZ
5,2443;9,01308;3,708749132;1,812363951;0,696740997;HOROZ
4,0168;7,3707;2,56077799;1,999792023;0,883127147;SEKER
3,5594;6,89634;2,54572928;1,784418372;0,836240582;DERMASON
5,3179;9,11324;3,714769263;1,834534432;0,700476063;HOROZ
3,7997;7,06226;2,469038174;1,962197834;0,890844513;SEKER
4,0021;7,19269;2,523099645;2,021951506;0,894673605;SEKER
3,754;7,11089;2,35930872;2,029740175;0,926653607;SEKER
2,2162;5,6807;2,1933739;1,295762069;0,765855549;DERMASON
6,1329;9,71399;3,990631071;1,965993388;0,700239203;HOROZ
5,7469;9,44771;3,669991984;2,01680586;0,737066654;HOROZ
3,619;6,99611;2,492849209;1,851673625;0,861099509;DERMASON
3,994;7,30921;2,5261567;2,016012004;0,892686162;SEKER
4,8618;8,88662;3,738354779;1,663130427;0,665538356;HOROZ
3,0851;6,80959;2,693265593;1,461434455;0,73588593;DERMASON
2,8705;6,46974;2,496961611;1,466078322;0,765635337;DERMASON
4,6448;7,77498;2,785876383;2,124825018;0,872924589;SEKER
4,1619;7,4144;2,611093812;2,03272934;0,88161385;SEKER
4,6202;7,80633;2,600997339;2,263979187;0,932492912;SEKER
3,5098;6,91818;2,583634899;1,733547309;0,818210601;DERMASON
3,9639;7,41904;2,728724461;1,853487687;0,823297355;DERMASON
4,5257;8,88846;3,615649462;1,599572261;0,663913686;HOROZ
3,4594;6,70069;2,334408877;1,888659908;0,899038984;SEKER
3,8121;7,0492;2,36598131;2,053639906;0,931163389;SEKER
5,0695;8,32041;3,024101617;2,138232786;0,840119843;SEKER
3,0702;6,53474;2,508179104;1,564707617;0,788278802;DERMASON
6,0716;9,84188;4,042630877;1,924520365;0,687768921;HOROZ
3,6369;6,8967;2,36845565;1,95647267;0,908563911;SEKER
4,4846;8,32162;3,42391457;1,680432603;0,697901281;HOROZ
3,6613;6,97658;2,330502036;2,003535672;0,926452655;SEKER
2,941;6,25321;2,266327495;1,654143252;0,853846699;DERMASON
4,3951;7,60195;2,625755757;2,135670835;0,900917687;SEKER
4,0711;7,81572;3,189250429;1,631323745;0,713875244;HOROZ
3,8898;7,28258;2,552031052;1,946186372;0,87203264;SEKER
4,1918;7,50442;2,800744683;1,907890144;0,824862986;SEKER
3,3961;6,90353;2,381924989;1,816542972;0,87300597;SEKER
3,9452;7,35692;2,613192103;1,926265296;0,85766608;SEKER
2,4047;5,71966;2,109874182;1,459358504;0,829333012;DERMASON
5,9181;10,00487;4,250603685;1,783524596;0,645796363;HOROZ
3,3785;6,88946;2,635970701;1,634553003;0,786821905;DERMASON
6,1076;9,82932;4,174746289;1,872771103;0,667975087;HOROZ
3,5083;6,85515;2,279847727;1,961941843;0,927038093;SEKER
6,29;10,0501;4,186912317;1,927222028;0,675906334;HOROZ
2,7755;6,16755;2,173120617;1,63680286;0,86505126;DERMASON
3,3133;6,68032;2,396109719;1,767487903;0,857193243;DERMASON
3,1414;6,58232;2,41103848;1,661409755;0,829492641;DERMASON
4,3204;8,39531;3,463371445;1,598134744;0,677201585;HOROZ
3,9323;7,475;2,495685292;2,009352017;0,896578998;SEKER
3,0006;6,52956;2,386138619;1,604317125;0,819150012;DERMASON
5,7366;9,56177;3,907171442;1,884237235;0,691703345;HOROZ
5,9562;9,6276;3,948722649;1,936832049;0,697401801;HOROZ
4,0064;7,21433;2,415127855;2,11386698;0,935173272;SEKER
5,0253;8,72982;3,540748474;1,813556334;0,714399233;HOROZ
5,5706;9,57611;4,036922677;1,76230172;0,659713871;HOROZ
2,7325;6,08126;2,196225365;1,590347103;0,849294363;DERMASON
3,7713;7,17219;2,52764546;1,909237129;0,866930819;DERMASON
3,7995;7,0386;2,528031217;1,917595894;0,870033252;SEKER
2,8376;6,20275;2,310659303;1,568254282;0,822611415;DERMASON
5,5086;9,40551;3,848551747;1,836900387;0,688142448;HOROZ
2,6044;5,95703;2,21920449;1,498891835;0,820562339;DERMASON
4,1435;7,38189;2,603770597;2,027837232;0,882136948;SEKER
5,9664;9,82497;4,102849482;1,856243139;0,671777815;HOROZ
3,4082;6,68346;2,30626947;1,883912829;0,903249117;SEKER
5,3192;8,51357;3,177812988;2,133266018;0,81893585;SEKER
2,9307;6,27269;2,282960041;1,637280852;0,8461404;DERMASON
3,9545;7,30923;2,658705858;1,898815075;0,843976894;DERMASON
3,8285;7,09287;2,476137766;1,973269149;0,891650343;SEKER
4,2616;7,48262;2,580020818;2,10625484;0,902855381;SEKER
4,3407;7,66597;2,671835014;2,073996543;0,879883772;SEKER
5,3566;9,21082;3,58423533;1,929712758;0,728623462;HOROZ
4,3871;8,14595;3,284832516;1,708977177;0,719499664;HOROZ
3,4911;6,77462;2,352555984;1,892799888;0,896182041;SEKER
5,316;9,17041;3,781561499;1,795575752;0,687980894;HOROZ
3,7973;7,1914;2,6390025;1,838736749;0,833206621;DERMASON
3,5947;7,11184;2,664790377;1,721731426;0,802829521;DERMASON
4,402;8,22517;3,351188114;1,681587301;0,706449743;HOROZ
2,6496;6,04717;2,207736963;1,535778553;0,831951268;DERMASON
3,4282;6,82207;2,472202099;1,773396885;0,845092337;DERMASON
6,0886;9,66574;3,727189756;2,092386109;0,747020082;HOROZ
4,4724;7,651;2,665169539;2,139523996;0,895365874;SEKER
5,9314;9,73235;4,015320004;1,891397585;0,68440552;HOROZ
3,9762;7,43167;2,809686895;1,809189634;0,800813238;DERMASON
4,8423;8,58834;3,514447799;1,761936919;0,70651894;HOROZ
3,3838;6,61029;2,229735137;1,934836383;0,930902346;SEKER
3,2308;6,66679;2,445198767;1,688594862;0,829460919;DERMASON
4,0485;8,03073;3,343901428;1,560020136;0,678966996;HOROZ
2,309;5,58141;2,095732133;1,404901513;0,818146833;DERMASON
4,0688;7,32945;2,587484843;2,004328103;0,879651031;SEKER
3,3198;6,87953;2,674495915;1,590087648;0,768721594;DERMASON
3,6976;6,92719;2,428508454;1,940600216;0,893460596;SEKER
3,7074;7,20184;2,355307465;2,007524847;0,922448595;SEKER
3,5081;6,77561;2,347952752;1,905792388;0,900122646;SEKER
2,6244;5,97483;2,107375234;1,594130671;0,867417544;DERMASON
4,1986;7,44924;2,615609811;2,047816195;0,88396354;SEKER
3,6253;6,81763;2,373120276;1,947811246;0,905330777;SEKER
3,426;6,74024;2,340035746;1,873058915;0,892537037;DERMASON
5,9015;9,74721;3,953853543;1,923672108;0,693291198;HOROZ
2,9846;6,41989;2,416839913;1,577223721;0,806585187;DERMASON
3,9875;7,36752;2,704433264;1,885658677;0,833161395;DERMASON
3,6917;7,00833;2,36925477;1,987767875;0,915074591;SEKER
2,7378;6,01046;2,13328485;1,637296314;0,875199518;DERMASON
3,6859;7,09019;2,60273909;1,808256385;0,832331246;DERMASON
2,8078;6,1631;2,273123329;1,574689594;0,831792777;DERMASON
3,1815;6,74077;2,48142737;1,646193727;0,811090762;DERMASON
3,5351;6,97598;2,462981369;1,83073923;0,861380001;DERMASON
3,8169;7,39545;2,713065485;1,79940888;0,812550148;DERMASON
2,5098;5,8853;2,207790614;1,454043446;0,809686194;DERMASON
3,8071;7,17993;2,642306153;1,837717131;0,833237996;DERMASON
5,4282;9,34728;3,824225355;1,812497006;0,687447446;HOROZ
4,7971;9,05348;2,819002603;2,173496658;0,876695886;SEKER
3,5532;6,76181;2,311069967;1,958801972;0,920347405;SEKER
3,9257;7,23526;2,550806668;1,962999924;0,87646801;SEKER
3,1283;6,55438;2,398353414;1,663635722;0,832139384;DERMASON
5,4385;9,22911;3,735142986;1,864584049;0,704510376;HOROZ
3,8959;7,18457;2,585421323;1,921426476;0,861445156;SEKER
5,5502;9,32457;3,73924271;1,896561829;0,710928165;HOROZ
3,6082;6,83764;2,341534913;1,963316509;0,915376424;SEKER
4,4648;8,08725;3,106323563;1,839106347;0,767554767;HOROZ
2,8331;6,22193;2,341920111;1,54653152;0,81098708;DERMASON
5,415;9,40116;3,831908234;1,811120782;0,685234451;HOROZ
3,7016;7,22111;2,759506091;1,71265728;0,786716838;DERMASON
3,2639;7,45201;2,670422096;1,573759619;0,763384906;DERMASON
3,4412;6,67199;2,339589857;1,873982909;0,894685269;SEKER
3,7583;7,20715;2,77709633;1,726818721;0,787698171;DERMASON
3,5481;6,7909;2,379018822;1,900844881;0,893418841;SEKER
5,5617;9,20148;3,76490989;1,892083281;0,706812551;HOROZ
2,9172;6,44652;2,421016245;1,540686654;0,796050205;DERMASON
3,6241;7,09994;2,632216995;1,760769763;0,816081357;DERMASON
3,4495;7,06993;2,659185663;1,664407707;0,788105709;DERMASON
2,855;6,5763;2,36064799;1,542676278;0,807656856;DERMASON
3,6435;7,08456;2,668189715;1,742828862;0,80723083;DERMASON
5,151;8,89324;3,546097965;1,854404821;0,722187729;HOROZ
3,1682;6,46721;2,100456816;1,922484159;0,956197485;SEKER
3,192;6,63202;2,441461516;1,670059619;0,825727251;DERMASON
5,213;8,95706;3,649182507;1,828890504;0,705997783;HOROZ
3,7963;7,13866;2,59900491;1,863486836;0,845917913;DERMASON
3,2961;6,66479;2,450399644;1,714582154;0,836023198;DERMASON
2,4343;5,72561;2,08593682;1,489329752;0,843997109;DERMASON
3,809;8,05266;2,348940708;2,075429714;0,937537162;SEKER
4,2468;7,54241;2,61393315;2,073216425;0,889593267;SEKER
4,4787;8,61814;3,443339029;1,661797321;0,693507657;HOROZ
3,9444;7,26844;2,509492076;2,004533686;0,893016957;SEKER
5,7905;9,45761;3,912839742;1,893929518;0,693938577;HOROZ
2,9293;6,32174;2,362322465;1,581206683;0,817518906;DERMASON
5,7526;9,43161;3,869423295;1,904425107;0,699424604;HOROZ
3,8325;7,20488;2,631013581;1,86158153;0,839601201;DERMASON
3,2251;6,44051;2,209809628;1,860277835;0,917005183;SEKER
4,3978;8,36878;3,318858573;1,695511465;0,712991005;HOROZ
3,8591;7,15273;2,544732576;1,932214516;0,871075755;SEKER
3,4326;6,8121;2,563253623;1,709676447;0,815595984;DERMASON
5,2487;9,25347;3,771397585;1,782679188;0,685454475;HOROZ
5,0547;8,93526;3,692940605;1,761669855;0,686958385;HOROZ
3,4374;6,93396;2,627596271;1,675498569;0,796180357;DERMASON
2,686;6,16229;2,300630612;1,489521822;0,803824371;DERMASON
3,5719;6,92482;2,54454012;1,789644871;0,838099154;DERMASON
2,5799;5,96614;2,270118822;1,44942118;0,798376796;DERMASON
2,8927;6,35008;2,302945478;1,6043718;0,833341674;DERMASON
4,8234;8,52728;3,336436452;1,84745709;0,742760571;HOROZ
3,0523;6,51045;2,465474853;1,579002434;0,799591356;DERMASON
6,3083;9,93173;3,844376186;2,109011417;0,73720004;HOROZ
3,6964;7,18569;2,570194271;1,837088715;0,844070241;DERMASON
3,3782;6,78193;2,568022247;1,677475339;0,807604921;DERMASON
6,0619;9,82002;4,043163936;1,919845696;0,687128706;HOROZ
4,4478;7,72434;2,597576665;2,187177415;0,916134652;SEKER
3,2386;6,71284;2,473234252;1,67052738;0,821047839;DERMASON
6,0537;9,89384;3,968484782;1,954644119;0,699585481;HOROZ
3,3019;6,55703;2,244502114;1,875026272;0,913517768;SEKER
3,5632;7,1037;2,761867325;1,648450123;0,771209458;DERMASON
3,1351;6,65596;2,59950543;1,541686321;0,768581682;DERMASON
3,0199;6,35705;2,272218621;1,696701943;0,862980983;DERMASON
3,7528;7,35285;2,648035443;1,810498978;0,8254846;DERMASON
5,0146;8,8356;3,587618824;1,799464284;0,704314961;HOROZ
3,0835;6,63731;2,503740472;1,573729139;0,791384839;DERMASON
6,4863;9,97421;3,987372754;2,112629355;0,720720272;HOROZ
2,8625;6,20434;2,310404063;1,579498626;0,826304023;DERMASON
4,2535;7,43443;2,616697885;2,072209851;0,889354065;SEKER
5,5054;9,28326;3,755142262;1,89788113;0,705055174;HOROZ
3,4276;6,92661;2,515432798;1,739222662;0,830495736;DERMASON
4,0202;7,26182;2,517947693;2,034919059;0,898529179;SEKER
3,8306;7,26994;2,590525365;1,888906579;0,852512219;DERMASON
3,8134;7,17612;2,477518689;1,962718315;0,889394217;SEKER
4,4492;8,22871;3,369793352;1,686467559;0,70630577;HOROZ
3,3215;6,74529;2,51366707;1,686538236;0,818115144;DERMASON
3,3409;6,79539;2,488774642;1,713799586;0,828707415;DERMASON
3,6481;6,89428;2,30618257;2,017355247;0,934533214;SEKER
3,5772;6,93316;2,455102084;1,856779934;0,869274851;SEKER
3,0644;6,58033;2,54148704;1,541071451;0,777212697;DERMASON
2,992;6,41567;2,363747199;1,614634609;0,825723846;DERMASON
3,0304;6,44496;2,381604842;1,625838077;0,824774706;DERMASON
4,8673;7,99093;2,706905941;2,292923642;0,91965715;SEKER
4,7533;8,00405;2,795917352;2,166850632;0,87988992;SEKER
3,6975;6,92588;2,396615036;1,965264131;0,905338253;SEKER
2,431;5,73919;2,113574092;1,466762133;0,832396148;DERMASON
5,0571;9,60277;3,909626181;1,66333579;0,649038704;HOROZ
5,0105;8,92404;3,718334973;1,723447001;0,679277268;HOROZ
3,5408;6,84211;2,41922654;1,866907132;0,877665888;SEKER
3,1845;6,79808;2,469477956;1,643658541;0,815399671;DERMASON
5,1054;8,99018;3,527020002;1,863083671;0,722873033;HOROZ
3,943;7,55532;2,367695239;2,132600465;0,946330085;SEKER
3,9635;7,17433;2,515773744;2,00855151;0,8929413;SEKER
3,5117;7,02913;2,69773098;1,668326288;0,783817804;DERMASON
3,4395;6,65156;2,317171471;1,891898259;0,903118094;SEKER
4,2713;8,30978;2,717567634;2,006023582;0,858133261;SEKER
2,4569;5,85552;2,227244105;1,40879595;0,794110579;DERMASON
4,3113;7,45717;2,513654557;2,18703287;0,932080855;SEKER
3,898;7,92671;2,851876623;1,752521433;0,781169437;DERMASON
5,949;9,70189;4,045972719;1,885002595;0,680227356;HOROZ
4,5369;8,34295;3,389924603;1,716009778;0,708997369;HOROZ
5,9205;9,70174;3,866354197;2,002093475;0,710121423;HOROZ
5,9411;9,61532;3,822654478;2,018737626;0,719487819;HOROZ
3,1629;6,62682;2,559647731;1,576855424;0,784002757;DERMASON
5,9959;9,76082;4,019377152;1,930369915;0,6874221;HOROZ
3,4733;6,70564;2,283272478;1,938600236;0,921018737;SEKER
3,5041;6,97337;2,693350903;1,662433791;0,784242485;DERMASON
3,3255;6,79397;2,597923659;1,636283832;0,792058302;DERMASON
6,2063;10,1928;4,123250096;1,947842827;0,681760388;HOROZ
6,3128;10,00638;4,076883919;1,985910656;0,695404871;HOROZ
4,1574;7,54002;2,73506578;1,938869062;0,841197918;DERMASON
5,4398;9,27333;3,853302876;1,808988232;0,682988481;HOROZ
4,0705;7,38355;2,491362387;2,086253196;0,913780814;SEKER
2,9518;6,39648;2,426871698;1,551601622;0,798825107;DERMASON
2,3065;5,56502;2,061233263;1,428087606;0,831389713;DERMASON
2,5955;6,0972;2,302726527;1,440560142;0,789447424;DERMASON
3,8084;7,15166;2,491745716;1,948192543;0,883736143;SEKER
4,9848;8,05584;2,706473214;2,34714171;0,930840338;SEKER
2,771;6,13763;2,292990591;1,544416766;0,819164361;DERMASON
3,3686;6,78056;2,464267581;1,744051059;0,840411367;DERMASON
6,8883;10,65713;4,400641162;2,015701866;0,672969109;HOROZ
3,4006;6,83564;2,504466272;1,736210687;0,830840479;DERMASON
3,5302;6,79016;2,359340907;1,907405476;0,898595039;SEKER
4,1541;7,61157;2,849234628;1,861767122;0,80717057;DERMASON
3,3172;6,73649;2,551735001;1,660027753;0,805388302;DERMASON
6,0868;10,18898;4,162250284;1,875107574;0,668838684;HOROZ
4,1244;7,90991;3,28298616;1,604802028;0,698017637;HOROZ
3,6888;6,97864;2,494449261;1,886030203;0,868806256;SEKER
3,5724;7,04414;2,60626197;1,749516171;0,818308444;DERMASON
4,4535;8,56043;3,468856798;1,656776125;0,686466607;HOROZ
3,3179;6,75765;2,570326846;1,647161766;0,799647076;DERMASON
3,3374;6,64992;2,371469249;1,794741259;0,869243982;DERMASON
4,9466;8,69599;3,615044786;1,750048198;0,694216248;HOROZ
3,8407;7,03703;2,452510679;1,996264058;0,901673581;SEKER
3,4124;6,8139;2,562953075;1,698436778;0,813288013;DERMASON
3,7386;7,10826;2,605512655;1,83116227;0,837368025;DERMASON
3,8091;7,55186;2,710776828;1,797569844;0,812404802;DERMASON
5,1916;8,80623;3,531858624;1,878316968;0,727951358;HOROZ
3,6847;6,91017;2,356207493;1,993110295;0,919268955;SEKER
5,4046;9,51099;3,645190353;1,935998216;0,719642205;HOROZ
3,48;6,91605;2,527980166;1,757859771;0,832666359;DERMASON
5,5319;9,33642;3,800179284;1,870291552;0,698374114;HOROZ
2,9819;6,59388;2,514298096;1,517986598;0,774969892;DERMASON
3,7761;6,98336;2,365589109;2,034651127;0,926909836;SEKER
4,8762;8,7362;3,478634023;1,815333206;0,716287008;HOROZ
5,7659;9,55434;3,877576067;1,966257824;0,698760402;HOROZ
5,3726;9,09042;3,712326566;1,856881088;0,704532675;HOROZ
3,7835;7,18282;2,638910757;1,83008128;0,831720153;DERMASON
5,7134;9,48593;3,710183606;1,979117962;0,72695407;HOROZ
2,3485;5,82072;2,289288122;1,307366895;0,755352875;DERMASON
3,5976;7,02411;2,65271878;1,732279745;0,806808165;DERMASON
3,3668;6,9041;2,549717361;1,686651878;0,812029258;DERMASON
3,9336;7,29453;2,367284437;2,116749802;0,945365423;SEKER
4,5454;8,13599;2,634350355;2,204674549;0,913203526;SEKER
4,2008;7,73158;2,944922025;1,818473586;0,785321092;DERMASON
2,8237;6,15544;2,213797909;1,627226031;0,85649802;DERMASON
3,4922;6,94541;2,556155783;1,750669504;0,824930375;DERMASON
5,8138;9,47842;3,855418098;1,925845861;0,705689444;HOROZ
3,5554;7,04375;2,617226379;1,73377499;0,812939085;DERMASON
4,6892;8,34759;3,306503749;1,815436482;0,738984651;HOROZ
6,1615;9,8481;4,034973112;1,963074095;0,694156893;HOROZ
2,5084;5,90532;2,192852822;1,459218272;0,814974408;DERMASON
3,66;6,93853;2,408547217;1,936350183;0,896273256;SEKER
3,6663;6,98145;2,347081444;1,990931156;0,920536257;SEKER
4,7762;8,16963;2,938713184;2,073700756;0,839149055;SEKER
4,947;8,63893;3,382378072;1,876962325;0,74199993;HOROZ
5,5701;9,32537;3,863861056;1,839715804;0,6892314;HOROZ
2,8026;6,10943;2,15446569;1,657403773;0,876790904;DERMASON
5,5152;9,30392;3,713749453;1,895356339;0,713547833;HOROZ
2,6653;6,06282;2,241766326;1,522279738;0,82174632;DERMASON
3,094;6,764;2,598625326;1,518998633;0,763785743;DERMASON
5,872;9,78223;3,956667718;1,895627359;0,691064372;HOROZ
3,4443;6,84507;2,3460733;1,875726238;0,892614563;SEKER
6,1251;9,87762;4,10285781;1,905497847;0,680652094;HOROZ
3,4676;6,68424;2,264475067;1,95193788;0,927901791;SEKER
3,3845;6,76487;2,530175614;1,706315814;0,820449119;DERMASON
5,686;9,58802;3,924084313;1,850411006;0,685677908;HOROZ
2,4545;5,98067;2,122481129;1,481343876;0,832899766;DERMASON
2,7517;6,10178;2,250695203;1,560495214;0,831646791;DERMASON
2,6499;6,02783;2,275733876;1,483837847;0,807138991;DERMASON
3,99;7,45235;2,844319098;1,792281691;0,792434162;DERMASON
3,3954;7,1675;2,773684803;1,563563259;0,7496239;HOROZ
2,9676;6,51278;2,401081842;1,594323658;0,809563235;DERMASON
3,0314;6,47757;2,475794653;1,560983507;0,793527646;DERMASON
6,1493;9,92528;4,004085418;1,983503204;0,698818778;HOROZ
3,2638;7,06803;2,560687262;1,635324996;0,796086551;DERMASON
3,2829;6,58101;2,215995;1,890026275;0,922603526;SEKER
3,8374;7,42778;2,722549253;1,802852668;0,811891229;DERMASON
3,3556;6,89294;2,646307432;1,617054714;0,781087802;HOROZ
3,4697;7,03876;2,582965128;1,714685928;0,813734032;DERMASON
4,4556;7,72808;2,704781599;2,104505286;0,88059447;SEKER
3,8848;7,19237;2,607438934;1,899817858;0,852953284;SEKER
3,9834;7,23396;2,584963084;1,963030168;0,871219673;SEKER
3,7919;7,01737;2,433535229;1,987999406;0,902912903;SEKER
3,4321;6,69531;2,279958451;1,918273267;0,916870698;SEKER
3,0429;6,49233;2,400205021;1,61796239;0,82006931;DERMASON
4,4029;8,23817;3,2769361;1,721976171;0,72253102;HOROZ
5,4143;9,24812;3,788635821;1,828993901;0,693016151;HOROZ
3,1561;6,70206;2,50332706;1,611729478;0,800779309;DERMASON
3,1701;6,45;2,282634373;1,770681921;0,880146948;DERMASON
5,968;9,51625;3,89022583;1,964443315;0,708589403;HOROZ
3,8594;7,25607;2,612436015;1,883145341;0,848534087;SEKER
3,7622;7,12941;2,538932944;1,892208783;0,86203474;DERMASON
3,5368;6,92123;2,56012242;1,763743858;0,82889511;DERMASON
4,2946;7,51381;2,586002925;2,116571339;0,904247689;SEKER
5,1317;8,85452;3,594584548;1,829682328;0,711110328;HOROZ
4,9564;8,65194;3,304906275;1,915990751;0,76011462;HOROZ
3,5316;6,82911;2,377766302;1,892416271;0,891808578;SEKER
3,5402;6,81514;2,310084894;1,953459322;0,919053976;SEKER
7,1437;10,94771;4,328460558;2,15277561;0,696759981;HOROZ
4,9734;8,8074;3,570828463;1,778051275;0,704713784;HOROZ
5,7582;9,44376;3,933217704;1,873394792;0,688415193;HOROZ
2,8929;6,37003;2,45240063;1,508091116;0,782582895;DERMASON
5,7576;9,52747;3,879817359;1,907784606;0,69785392;HOROZ
2,667;6,03375;2,243136749;1,526644581;0,821506146;DERMASON
5,0973;9,01106;3,473629702;1,895035976;0,733401235;HOROZ
5,3795;9,28116;3,835121875;1,806248688;0,682412299;HOROZ
3,8934;7,33244;2,811043348;1,767996396;0,792048961;DERMASON
3,6405;6,91958;2,365216703;1,962618033;0,910258283;SEKER
3,7513;7,20028;2,695896077;1,775109275;0,810667591;DERMASON
3,9898;7,43961;2,574361065;1,979190711;0,875510107;SEKER
6,0535;9,64156;3,920247971;1,975825057;0,708181853;HOROZ
2,8182;6,20635;2,233039122;1,613848343;0,848290558;DERMASON
4,0951;7,6285;2,852574343;1,837581266;0,800479738;DERMASON
4,2002;7,85556;3,036558341;1,772014376;0,761567522;HOROZ
3,8695;7,13214;2,445323482;2,017008856;0,907708007;SEKER
5,576;9,58014;3,893709624;1,828931224;0,684309992;HOROZ
6,0658;9,87242;4,105386065;1,902201118;0,676932085;HOROZ
4,6294;7,82096;2,706347841;2,188189766;0,89708542;SEKER
4,1084;7,3508;2,554653723;2,049917072;0,895281022;SEKER
3,4313;6,71844;2,209339754;1,98103852;0,946067007;SEKER
3,61;6,8159;2,367518485;1,943442126;0,905555936;SEKER
4,7601;8,53375;3,455426622;1,766475883;0,712461536;HOROZ
4,8606;8,05113;2,87380339;2,155698919;0,865651225;SEKER
3,1703;6,56305;2,157089067;1,872724497;0,931401991;SEKER
3,0128;6,34927;2,379192803;1,613935368;0,823209878;DERMASON
5,0541;8,87768;3,644110206;1,770794623;0,696122181;HOROZ
4,3712;7,59328;2,610795717;2,136792805;0,903613075;SEKER
2,5507;5,98818;2,254114379;1,446482345;0,799482204;DERMASON
6,0166;9,78007;4,044412154;1,896852838;0,684345195;HOROZ
3,7606;7,00716;2,29643827;2,09019182;0,95285947;SEKER
2,6091;6,13028;2,318915594;1,436484353;0,785987213;DERMASON
3,091;6,53034;2,458053246;1,604511709;0,807073849;DERMASON
3,0914;6,57761;2,443361622;1,613779321;0,811979215;DERMASON
2,2309;5,56965;1,987999603;1,441374861;0,84777151;DERMASON
3,5438;6,77413;2,344297046;1,926140462;0,906101858;SEKER
4,8228;8,92189;3,711772479;1,677097784;0,667610776;HOROZ
3,4737;7,10696;2,508274315;1,766908744;0,838448096;DERMASON
3,8976;7,16184;2,577444621;1,928115845;0,864299675;SEKER
3,5349;6,96043;2,590742864;1,741960339;0,81887821;DERMASON
6,6926;10,43841;4,291510473;1,994556918;0,680208911;HOROZ
3,8151;7,15089;2,40298028;2,025908511;0,917186842;SEKER
3,2988;6,76797;2,247517099;1,871772945;0,911863953;SEKER
3,5441;7,03568;2,745416921;1,646718149;0,773748352;DERMASON
2,1602;5,58343;2,085232304;1,321875207;0,795330424;DERMASON
5,5505;9,4235;3,768615487;1,890142981;0,705406219;HOROZ
4,8202;8,15613;2,723113872;2,259420202;0,909749417;SEKER
4,0842;7,455;2,45315108;2,122850518;0,929574634;SEKER
3,6167;6,98607;2,597665388;1,776598478;0,826091388;DERMASON
3,5875;6,97442;2,590436208;1,766381816;0,825045904;DERMASON
5,7121;9,41078;3,859214754;1,889401204;0,698801798;HOROZ
3,6085;6,89809;2,373103987;1,93835087;0,903236845;SEKER
3,8625;7,24328;2,414480239;2,039764164;0,918471427;SEKER
3,5808;7,3941;2,958537985;1,549226685;0,721718673;DERMASON
3,0074;6,45524;2,343922644;1,640119974;0,834847945;DERMASON
3,302;6,64025;2,483135489;1,696085604;0,825739722;DERMASON
3,468;6,69575;2,312624473;1,912410961;0,908635052;SEKER
2,7849;6,2195;2,257073854;1,575772591;0,834284341;DERMASON
3,4927;6,92204;2,450827289;1,820904644;0,86044476;DERMASON
5,7615;9,43606;3,814261919;1,935550764;0,710088257;HOROZ
3,5145;6,81083;2,437645848;1,837065283;0,867793162;SEKER
4,4353;7,58998;2,564685192;2,203236834;0,92657909;SEKER
3,8376;7,20955;2,40808642;2,037592797;0,917936932;SEKER
3,5323;7,06688;2,594036375;1,738426092;0,817537699;DERMASON
3,7125;7,20143;2,707608164;1,750295199;0,802975835;DERMASON
2,4897;5,88854;2,125787945;1,497495566;0,837545923;DERMASON
5,1008;8,96113;3,700013414;1,782814518;0,688764744;HOROZ
3,6292;7,073;2,63729391;1,756746945;0,815083269;DERMASON
4,1811;7,5703;2,871111454;1,856944278;0,803619164;DERMASON
4,5928;8,58374;3,535691897;1,67984051;0,683942219;HOROZ
5,0131;8,83262;3,621542449;1,774872709;0,697613158;HOROZ
4,2013;7,35014;2,484591518;2,155920268;0,93087616;SEKER
3,4509;6,68332;2,303294856;1,909197413;0,910063526;SEKER
3,6547;7,11425;2,678858265;1,742922348;0,805250846;DERMASON
3,1214;6,5661;2,388516203;1,670256839;0,834644586;DERMASON
2,9791;6,2987;2,316707136;1,640525703;0,84067177;DERMASON
4,2177;7,51217;2,721183148;1,975316857;0,851598974;SEKER
3,5739;6,99446;2,598671258;1,754907282;0,820871003;DERMASON
5,4982;9,16327;3,731166089;1,883618504;0,709121649;HOROZ
4,2932;7,50704;2,704243534;2,023510197;0,864569319;SEKER
3,465;6,99603;2,631405922;1,685458752;0,798213063;DERMASON
3,4729;6,71193;2,288102714;1,936576351;0,919021523;SEKER
4,7812;8,02135;2,822464816;2,160487319;0,874168148;SEKER
3,527;6,92507;2,531412461;1,779248772;0,837133797;DERMASON
2,6824;6,07935;2,234153303;1,533451948;0,827187303;DERMASON
3,447;6,92984;2,523706438;1,742838582;0,830112331;DERMASON
4,4826;7,83558;2,65823267;2,149560392;0,898725494;SEKER
3,7114;7,0271;2,384466035;1,983914395;0,911659791;SEKER
3,801;7,13114;2,398470136;2,020040737;0,917211896;SEKER
3,3428;6,79713;2,516475609;1,694683023;0,819818153;DERMASON
3,7657;7,218;2,594043624;1,85887381;0,844113106;DERMASON
4,4487;7,61329;2,640926898;2,14979129;0,901187666;SEKER
2,9373;6,34307;2,344679855;1,598690031;0,824794317;DERMASON
4,069;7,50562;2,818048666;1,841658951;0,807700618;DERMASON
3,7776;7,27307;2,830718569;1,704841003;0,774758501;HOROZ
3,3459;6,77766;2,53218602;1,685892635;0,815109455;DERMASON
3,4895;6,777;2,253698384;1,972329239;0,93527832;SEKER
3,8835;7,31002;2,655689357;1,864132501;0,837316098;DERMASON
4,0572;7,25331;2,507140143;2,064719349;0,906545606;SEKER
3,7891;7,18675;2,642326231;1,831033861;0,831259567;DERMASON
4,7605;8,77296;3,731439467;1,63592869;0,659788807;HOROZ
3,3914;6,8612;2,614687853;1,657378041;0,794739352;DERMASON
3,5383;7,07379;2,715264922;1,666109469;0,781700116;DERMASON
4,0126;7,30299;2,657384078;1,924268591;0,850577059;SEKER
3,8294;7,71058;3,060067702;1,603861358;0,721588147;HOROZ
3,5674;7,12727;2,582219167;1,763050191;0,825349444;DERMASON
4,964;8,80815;3,441826433;1,847891838;0,730435681;HOROZ
4,7406;8,03384;2,815049052;2,150450278;0,872741743;SEKER
3,1972;6,63164;2,537896426;1,608282722;0,794998057;DERMASON
3,7438;6,98989;2,387938728;1,997549906;0,914298906;SEKER
3,5714;7,34051;2,651196586;1,720150324;0,804326495;DERMASON
3,1745;6,60531;2,514502982;1,610402564;0,799540689;DERMASON
5,9308;9,97744;4,073581419;1,863542706;0,674582853;HOROZ
3,6443;7,03908;2,296514033;2,023781617;0,937978786;SEKER
2,4417;6,06972;2,373346044;1,314330586;0,742916743;DERMASON
3,612;6,82617;2,257379549;2,039796059;0,950001616;SEKER
2,8788;6,38503;2,432529008;1,511621769;0,787050825;DERMASON
2,7427;6,12889;2,336518351;1,496634735;0,799788244;DERMASON
3,5149;6,82373;2,389292213;1,874223342;0,885405629;SEKER
2,756;6,16807;2,329078308;1,509626635;0,804286123;DERMASON
3,9336;7,228;2,606452398;1,923676739;0,858618732;SEKER
4,3;9,68539;3,485200766;1,583193142;0,671369312;HOROZ
3,6387;7,13608;2,754996127;1,690759434;0,781280873;DERMASON
4,0341;7,40654;2,747730875;1,871601141;0,824810527;DERMASON
2,8139;6,17749;2,201561651;1,631082547;0,859762576;DERMASON
5,5798;9,28865;3,874074008;1,838069017;0,688012712;HOROZ
2,9098;6,3841;2,432299584;1,527184161;0,791351744;DERMASON
5,1342;8,54937;3,269648447;2,003430406;0,781970538;SEKER
3,0092;6,52617;2,370170684;1,623603117;0,825849602;DERMASON
4,0774;7,32684;2,624489681;1,980125453;0,868164152;DERMASON
5,7141;9,4544;3,700875312;1,985954679;0,728827119;HOROZ
3,4461;6,75775;2,467254393;1,781577837;0,84899487;SEKER
3,7422;7,14422;2,632476329;1,812279312;0,82919005;DERMASON
2,5923;5,92238;2,069527184;1,598836204;0,877862614;DERMASON
4,1609;7,53219;2,83886934;1,871609879;0,810780498;DERMASON
6,8578;10,33907;4,295916062;2,039376535;0,687846735;HOROZ
2,874;6,22001;2,276661333;1,611326443;0,840233533;DERMASON
3,482;6,96871;2,544580961;1,748091313;0,827471738;DERMASON
2,3687;5,73605;2,134650262;1,414477461;0,813548331;DERMASON
3,116;6,60769;2,347610566;1,707157475;0,84845288;DERMASON
2,4209;5,79416;2,200976231;1,407041451;0,797678951;DERMASON
6,3628;9,9739;4,007841514;2,040339664;0,710180357;HOROZ
3,6806;6,92839;2,43312911;1,928988275;0,889711523;SEKER
3,5354;6,87741;2,350153084;1,918282547;0,902772219;SEKER
4,4048;7,63489;2,710824375;2,072220042;0,873608346;SEKER
4,5084;7,63811;2,611382038;2,199778723;0,91747844;SEKER
5,5106;9,27101;3,719760775;1,903382529;0,712097552;HOROZ
3,3607;6,90171;2,147652972;1,995241432;0,963176382;SEKER
2,4898;5,81851;2,138447872;1,48503575;0,832604248;DERMASON
5,0824;8,99867;3,668201927;1,784143389;0,693483681;HOROZ
3,3657;6,87144;2,601653166;1,655826681;0,795689014;DERMASON
4,3796;7,6659;2,762896738;2,020081256;0,854688045;SEKER
2,9913;6,35697;2,332549033;1,635380394;0,836670127;DERMASON
3,7657;7,04416;2,520951069;1,905731441;0,868587354;SEKER
4,0803;7,30673;2,603212075;1,997515295;0,875571379;SEKER
6,0171;10,04014;4,156779639;1,848593499;0,665873409;HOROZ
2,7301;6,22829;2,309704648;1,508580872;0,807212519;DERMASON
4,4436;7,72915;2,7033186;2,095352252;0,879883768;SEKER
5,8515;9,48901;3,805550537;1,971139591;0,717251013;HOROZ
3,1361;6,66114;2,4445512;1,6371787;0,817430565;DERMASON
2,3794;5,62795;1,978808649;1,536225584;0,879599529;DERMASON
3,339;6,72119;2,50023827;1,703235233;0,824673179;DERMASON
2,4804;5,92071;2,261977418;1,403521638;0,78564736;DERMASON
3,1684;6,64989;2,512915487;1,61212653;0,799276748;DERMASON
5,1551;9,08702;3,765454005;1,751736666;0,680387395;HOROZ
2,6324;6,04623;2,280825518;1,477138272;0,802673522;DERMASON
2,5306;5,8945;2,205987438;1,461876275;0,813698988;DERMASON
3,2578;6,57571;2,27037574;1,828423057;0,89705595;SEKER
3,8945;7,1824;2,418780857;2,052648012;0,920628448;SEKER
4,9718;8,91975;3,722684919;1,712737153;0,675858227;HOROZ
2,3971;5,8059;2,172906552;1,411057253;0,80400192;DERMASON
3,5677;6,89725;2,359739477;1,927272628;0,903202572;SEKER
4,0358;7,46391;2,680759661;1,92389098;0,845594204;DERMASON
2,6811;5,99474;2,193568297;1,556966211;0,842287596;DERMASON
3,5442;6,81165;2,287551275;1,975865551;0,928631332;SEKER
5,0771;9,03481;3,750473913;1,727873569;0,677917381;HOROZ
3,9768;7,85134;3,143808639;1,623928933;0,715757375;HOROZ
3,2449;6,5538;2,378567997;1,738685559;0,85455525;DERMASON
5,0908;8,76799;3,543159469;1,838984841;0,718550635;HOROZ
3,0351;6,60466;2,433848931;1,591468213;0,807696021;DERMASON
3,2368;6,75385;2,216580649;1,861762293;0,915860765;SEKER
3,4151;6,62129;2,265248185;1,922363364;0,920536431;SEKER
5,9293;9,94097;3,979941755;1,913120362;0,69036705;HOROZ
3,7722;6,99287;2,372051864;2,028017111;0,92390695;SEKER
6,365;9,95206;4,065779769;2,012407792;0,700181147;HOROZ
2,6625;5,92165;2,147993943;1,579960776;0,857169709;DERMASON
2,993;6,40443;2,352698504;1,623481434;0,829740219;DERMASON
6,371;10,04657;4,154718303;1,981362453;0,6855155;HOROZ
5,2737;8,35521;2,777966904;2,419587178;0,932793911;SEKER
6,0361;9,8277;3,963877905;1,948600329;0,699379669;HOROZ
3,7809;7,30232;2,678432046;1,803682622;0,819166196;DERMASON
3,9034;7,07518;2,413054992;2,062840328;0,923866818;SEKER
5,2647;9,18243;3,84432846;1,74928609;0,673474857;HOROZ
4,3114;8,23478;3,362022065;1,65314818;0,696889079;HOROZ
6,4452;9,99152;4,067403994;2,028724765;0,704297177;HOROZ
3,5923;6,84665;2,299818299;1,991153587;0,929924807;SEKER
4,8382;8,70465;3,54044197;1,752687838;0,701034655;HOROZ
3,7632;7,13497;2,65529855;1,807686029;0,824366531;DERMASON
4,1399;7,55681;2,858409631;1,849222162;0,803203363;DERMASON
2,8213;6,26697;2,306648877;1,56269424;0,821671462;DERMASON
3,5059;6,92035;2,646170595;1,690031819;0,79843025;DERMASON
3,9557;7,65521;3,036402703;1,672081587;0,739107082;HOROZ
6,65;10,3845;4,241090453;2,02017289;0,686101465;HOROZ
3,6195;6,99591;2,614687209;1,766958647;0,821031099;DERMASON
2,4667;5,91758;2,145327994;1,485503059;0,82607509;DERMASON
5,7822;9,60638;3,982196633;1,857767932;0,681363575;HOROZ
7,3141;10,87269;4,322970408;2,164599762;0,705916354;HOROZ
3,6156;6,87239;2,388677906;1,930761368;0,898230206;SEKER
3,1573;6,74103;2,173070261;1,854482507;0,922654737;SEKER
3,0465;6,35788;2,151208683;1,810647261;0,915531114;DERMASON
3,2214;6,62963;2,406658739;1,706602807;0,841516962;DERMASON
4,1265;7,32882;2,557183241;2,056748568;0,89636344;SEKER
4,3741;7,55847;2,606932803;2,139227734;0,905252174;SEKER
4,4606;8,29615;3,392792169;1,682795595;0,702416076;HOROZ
4,2159;7,72237;2,95142741;1,822047159;0,784997193;DERMASON
4,0111;7,57236;2,898581595;1,771040652;0,779652855;DERMASON
5,9349;9,70156;3,898542498;1,956747813;0,705114246;HOROZ
5,9911;9,73464;4,006249981;1,908467858;0,689398444;HOROZ
2,6464;5,97198;2,196286216;1,54021151;0,835783643;DERMASON
3,1209;6,54454;2,411930189;1,650399444;0,826476011;DERMASON
3,6697;7,01975;2,485927869;1,883895009;0,869524488;DERMASON
6,1045;9,94105;4,024537469;1,936339248;0,692730219;HOROZ
2,4098;5,7172;1,984735916;1,549509464;0,882557136;DERMASON
5,0771;9,03481;3,750473913;1,727873569;0,677917381;HOROZ
7,2525;10,82139;4,296596442;2,160151576;0,707252292;HOROZ
3,5717;6,95483;2,585481358;1,763597936;0,824804716;DERMASON
3,4246;6,84324;2,299085042;1,899911444;0,908249044;SEKER
3,6163;7,01644;2,569739911;1,793266287;0,83502238;DERMASON
2,9505;6,29931;2,303714326;1,634234887;0,841345247;DERMASON
2,8117;6,27741;2,259123035;1,58631502;0,837528638;DERMASON
4,0467;7,47268;2,612626686;1,979231131;0,868816791;DERMASON
5,5747;9,37638;3,861352451;1,852560101;0,689963895;HOROZ
3,847;7,62336;3,045889469;1,620116492;0,726611075;HOROZ
3,7869;7,343;2,764434071;1,749065774;0,7943113;DERMASON
3,7849;7,13618;2,518815424;1,916705939;0,871537182;SEKER
2,9961;6,31511;2,234330103;1,710475619;0,874149825;DERMASON
2,6008;5,91996;2,163068242;1,533673358;0,841275645;DERMASON
3,5425;6,92524;2,527132707;1,78706632;0,840392059;DERMASON
3,1154;6,56672;2,374326626;1,678834479;0,838825268;DERMASON
5,0771;8,30882;3,021716806;2,144716633;0,841412884;SEKER
3,2976;6,85483;2,513879327;1,677199145;0,81509761;DERMASON
3,1931;6,57459;2,42911717;1,676718808;0,83006644;DERMASON
3,7791;7,13544;2,450519162;1,965277781;0,89514038;SEKER
3,4827;7,0898;2,593345012;1,715530255;0,811993951;DERMASON
3,8542;7,24663;2,737287557;1,796665852;0,809285501;DERMASON
5,2288;9,09031;3,810590166;1,751733074;0,677117179;HOROZ
4,0367;7,32896;2,627937627;1,959637197;0,86268698;SEKER
4,4701;8,502;3,494830759;1,644361869;0,682633393;HOROZ
2,6605;6,12291;2,297859188;1,480236865;0,800964521;DERMASON
4,3886;7,73792;2,898960571;1,93321899;0,815409469;HOROZ
3,8621;7,4895;2,83119477;1,744883418;0,783243987;DERMASON
2,9537;6,30915;2,341916556;1,609691046;0,828069586;DERMASON
3,7098;7,05621;2,572452183;1,839486381;0,844856592;DERMASON
4,228;7,46427;2,611940667;2,063100431;0,888299139;SEKER
3,2165;6,75195;2,503883323;1,638465583;0,808225874;DERMASON
3,6115;6,88089;2,28014068;2,018461467;0,940453281;SEKER
2,5878;5,85837;2,075047699;1,593829129;0,874766875;DERMASON
4,7407;8,0847;2,91717734;2,071099133;0,842196563;SEKER
3,0512;6,48563;2,43795684;1,603418775;0,808470884;DERMASON
3,1692;6,5862;2,469934071;1,635514985;0,813288295;DERMASON
3,2498;6,62962;2,436557298;1,706875719;0,834846725;DERMASON
4,8841;8,80975;3,473505769;1,79527703;0,717925383;HOROZ
4,1152;7,33392;2,582434721;2,03189017;0,886382515;SEKER
3,0008;6,45884;2,10557999;1,825165157;0,928328835;SEKER
3,735;6,99848;2,381729909;1,999543307;0,91560436;SEKER
2,6516;6,02063;2,213319657;1,528388492;0,830165963;DERMASON
3,0681;6,49881;2,455032812;1,599887395;0,805067906;DERMASON
3,6207;6,97912;2,611863515;1,767776225;0,822054955;DERMASON
5,0901;9,14398;3,751159724;1,737367032;0,678660636;HOROZ
2,9124;6,44032;2,526723403;1,470692248;0,762119138;DERMASON
3,2752;6,7957;2,601803743;1,604255607;0,784873088;DERMASON
3,6296;7,06169;2,622950517;1,764635149;0,819585648;DERMASON
2,5565;5,83073;2,1616436;1,508299663;0,834629761;DERMASON
5,5703;9,32685;3,875800728;1,836937983;0,68712051;HOROZ
4,5942;8,47435;3,492138732;1,679959347;0,692577725;HOROZ
4,609;7,79136;2,769653075;2,128479067;0,874647462;SEKER
3,5781;6,88213;2,401784495;1,898509594;0,888683792;SEKER
4,1283;7,37859;2,650457183;1,985290071;0,865007537;SEKER
6,5781;10,39257;4,097138586;2,049928316;0,70635763;HOROZ
3,2151;6,83765;2,564470226;1,601893937;0,788959375;DERMASON
4,2455;7,39126;2,514739389;2,152834437;0,924541686;SEKER
4,6777;8,45203;3,491877688;1,711671257;0,698895459;HOROZ
3,3867;6,82352;2,523156236;1,714581946;0,822998948;DERMASON
3,769;7,44443;2,880076329;1,674450954;0,760613677;DERMASON
3,6956;7,17549;2,724533375;1,731579587;0,796169261;DERMASON
4,1567;7,40413;2,419091235;2,19223754;0,950992632;SEKER
3,4644;6,9013;2,381640436;1,856528993;0,881846263;DERMASON
3,3788;6,84233;2,487854468;1,735185023;0,833702935;DERMASON
5,7812;10,03281;4,038888811;1,833383752;0,671741468;HOROZ
3,506;6,90528;2,566835868;1,74199042;0,823119548;DERMASON
4,8545;8,90521;3,609889612;1,718947746;0,688705245;HOROZ
2,2069;5,61523;2,080328728;1,359878443;0,805776172;DERMASON
2,8608;6,3789;2,350219235;1,55704338;0,812064324;DERMASON
3,2231;6,65138;2,474505771;1,663260584;0,818659825;DERMASON
